/,ㄱ/:,ㄱ/ㄱ,ㄱ/ㄴ,ㄱ/ㄷ,ㄱ/ㄹ,ㄱ/ㅁ,ㄱ/ㅂ,ㄱ/ㅅ,ㄱ/ㅇ,ㄱ/ㅈ,ㄱ/ㅊ,ㄱ/ㅋ,ㄱ/ㅌ,ㄱ/ㅍ,ㄱ/ㅎ,ㄱ/ㄲ,ㄱ/ㄳ,ㄱ/ㄵ,ㄱ/ㄶ,ㄱ/ㄺ,ㄱ/ㄻ,ㄱ/ㄼ,ㄱ/ㄽ,ㄱ/ㄾ,ㄱ/ㄿ,ㄱ/ㅀ,ㄱ/ㅄ,ㄱ/ㅆ,ㄲ/:,ㄲ/ㄱ,ㄲ/ㄴ,ㄲ/ㄷ,ㄲ/ㄹ,ㄲ/ㅁ,ㄲ/ㅂ,ㄲ/ㅅ,ㄲ/ㅇ,ㄲ/ㅈ,ㄲ/ㅊ,ㄲ/ㅋ,ㄲ/ㅌ,ㄲ/ㅍ,ㄲ/ㅎ,ㄲ/ㄲ,ㄲ/ㄳ,ㄲ/ㄵ,ㄲ/ㄶ,ㄲ/ㄺ,ㄲ/ㄻ,ㄲ/ㄼ,ㄲ/ㄽ,ㄲ/ㄾ,ㄲ/ㄿ,ㄲ/ㅀ,ㄲ/ㅄ,ㄲ/ㅆ,ㄴ/:,ㄴ/ㄱ,ㄴ/ㄴ,ㄴ/ㄷ,ㄴ/ㄹ,ㄴ/ㅁ,ㄴ/ㅂ,ㄴ/ㅅ,ㄴ/ㅇ,ㄴ/ㅈ,ㄴ/ㅊ,ㄴ/ㅋ,ㄴ/ㅌ,ㄴ/ㅍ,ㄴ/ㅎ,ㄴ/ㄲ,ㄴ/ㄳ,ㄴ/ㄵ,ㄴ/ㄶ,ㄴ/ㄺ,ㄴ/ㄻ,ㄴ/ㄼ,ㄴ/ㄽ,ㄴ/ㄾ,ㄴ/ㄿ,ㄴ/ㅀ,ㄴ/ㅄ,ㄴ/ㅆ,ㄷ/:,ㄷ/ㄱ,ㄷ/ㄴ,ㄷ/ㄷ,ㄷ/ㄹ,ㄷ/ㅁ,ㄷ/ㅂ,ㄷ/ㅅ,ㄷ/ㅇ,ㄷ/ㅈ,ㄷ/ㅊ,ㄷ/ㅋ,ㄷ/ㅌ,ㄷ/ㅍ,ㄷ/ㅎ,ㄷ/ㄲ,ㄷ/ㄳ,ㄷ/ㄵ,ㄷ/ㄶ,ㄷ/ㄺ,ㄷ/ㄻ,ㄷ/ㄼ,ㄷ/ㄽ,ㄷ/ㄾ,ㄷ/ㄿ,ㄷ/ㅀ,ㄷ/ㅄ,ㄷ/ㅆ,ㄸ/:,ㄸ/ㄱ,ㄸ/ㄴ,ㄸ/ㄷ,ㄸ/ㄹ,ㄸ/ㅁ,ㄸ/ㅂ,ㄸ/ㅅ,ㄸ/ㅇ,ㄸ/ㅈ,ㄸ/ㅊ,ㄸ/ㅋ,ㄸ/ㅌ,ㄸ/ㅍ,ㄸ/ㅎ,ㄸ/ㄲ,ㄸ/ㄳ,ㄸ/ㄵ,ㄸ/ㄶ,ㄸ/ㄺ,ㄸ/ㄻ,ㄸ/ㄼ,ㄸ/ㄽ,ㄸ/ㄾ,ㄸ/ㄿ,ㄸ/ㅀ,ㄸ/ㅄ,ㄸ/ㅆ,ㄹ/:,ㄹ/ㄱ,ㄹ/ㄴ,ㄹ/ㄷ,ㄹ/ㄹ,ㄹ/ㅁ,ㄹ/ㅂ,ㄹ/ㅅ,ㄹ/ㅇ,ㄹ/ㅈ,ㄹ/ㅊ,ㄹ/ㅋ,ㄹ/ㅌ,ㄹ/ㅍ,ㄹ/ㅎ,ㄹ/ㄲ,ㄹ/ㄳ,ㄹ/ㄵ,ㄹ/ㄶ,ㄹ/ㄺ,ㄹ/ㄻ,ㄹ/ㄼ,ㄹ/ㄽ,ㄹ/ㄾ,ㄹ/ㄿ,ㄹ/ㅀ,ㄹ/ㅄ,ㄹ/ㅆ,ㅁ/:,ㅁ/ㄱ,ㅁ/ㄴ,ㅁ/ㄷ,ㅁ/ㄹ,ㅁ/ㅁ,ㅁ/ㅂ,ㅁ/ㅅ,ㅁ/ㅇ,ㅁ/ㅈ,ㅁ/ㅊ,ㅁ/ㅋ,ㅁ/ㅌ,ㅁ/ㅍ,ㅁ/ㅎ,ㅁ/ㄲ,ㅁ/ㄳ,ㅁ/ㄵ,ㅁ/ㄶ,ㅁ/ㄺ,ㅁ/ㄻ,ㅁ/ㄼ,ㅁ/ㄽ,ㅁ/ㄾ,ㅁ/ㄿ,ㅁ/ㅀ,ㅁ/ㅄ,ㅁ/ㅆ,ㅂ/:,ㅂ/ㄱ,ㅂ/ㄴ,ㅂ/ㄷ,ㅂ/ㄹ,ㅂ/ㅁ,ㅂ/ㅂ,ㅂ/ㅅ,ㅂ/ㅇ,ㅂ/ㅈ,ㅂ/ㅊ,ㅂ/ㅋ,ㅂ/ㅌ,ㅂ/ㅍ,ㅂ/ㅎ,ㅂ/ㄲ,ㅂ/ㄳ,ㅂ/ㄵ,ㅂ/ㄶ,ㅂ/ㄺ,ㅂ/ㄻ,ㅂ/ㄼ,ㅂ/ㄽ,ㅂ/ㄾ,ㅂ/ㄿ,ㅂ/ㅀ,ㅂ/ㅄ,ㅂ/ㅆ,ㅃ/:,ㅃ/ㄱ,ㅃ/ㄴ,ㅃ/ㄷ,ㅃ/ㄹ,ㅃ/ㅁ,ㅃ/ㅂ,ㅃ/ㅅ,ㅃ/ㅇ,ㅃ/ㅈ,ㅃ/ㅊ,ㅃ/ㅋ,ㅃ/ㅌ,ㅃ/ㅍ,ㅃ/ㅎ,ㅃ/ㄲ,ㅃ/ㄳ,ㅃ/ㄵ,ㅃ/ㄶ,ㅃ/ㄺ,ㅃ/ㄻ,ㅃ/ㄼ,ㅃ/ㄽ,ㅃ/ㄾ,ㅃ/ㄿ,ㅃ/ㅀ,ㅃ/ㅄ,ㅃ/ㅆ,ㅅ/:,ㅅ/ㄱ,ㅅ/ㄴ,ㅅ/ㄷ,ㅅ/ㄹ,ㅅ/ㅁ,ㅅ/ㅂ,ㅅ/ㅅ,ㅅ/ㅇ,ㅅ/ㅈ,ㅅ/ㅊ,ㅅ/ㅋ,ㅅ/ㅌ,ㅅ/ㅍ,ㅅ/ㅎ,ㅅ/ㄲ,ㅅ/ㄳ,ㅅ/ㄵ,ㅅ/ㄶ,ㅅ/ㄺ,ㅅ/ㄻ,ㅅ/ㄼ,ㅅ/ㄽ,ㅅ/ㄾ,ㅅ/ㄿ,ㅅ/ㅀ,ㅅ/ㅄ,ㅅ/ㅆ,ㅆ/:,ㅆ/ㄱ,ㅆ/ㄴ,ㅆ/ㄷ,ㅆ/ㄹ,ㅆ/ㅁ,ㅆ/ㅂ,ㅆ/ㅅ,ㅆ/ㅇ,ㅆ/ㅈ,ㅆ/ㅊ,ㅆ/ㅋ,ㅆ/ㅌ,ㅆ/ㅍ,ㅆ/ㅎ,ㅆ/ㄲ,ㅆ/ㄳ,ㅆ/ㄵ,ㅆ/ㄶ,ㅆ/ㄺ,ㅆ/ㄻ,ㅆ/ㄼ,ㅆ/ㄽ,ㅆ/ㄾ,ㅆ/ㄿ,ㅆ/ㅀ,ㅆ/ㅄ,ㅆ/ㅆ,ㅇ/:,ㅇ/ㄱ,ㅇ/ㄴ,ㅇ/ㄷ,ㅇ/ㄹ,ㅇ/ㅁ,ㅇ/ㅂ,ㅇ/ㅅ,ㅇ/ㅇ,ㅇ/ㅈ,ㅇ/ㅊ,ㅇ/ㅋ,ㅇ/ㅌ,ㅇ/ㅍ,ㅇ/ㅎ,ㅇ/ㄲ,ㅇ/ㄳ,ㅇ/ㄵ,ㅇ/ㄶ,ㅇ/ㄺ,ㅇ/ㄻ,ㅇ/ㄼ,ㅇ/ㄽ,ㅇ/ㄾ,ㅇ/ㄿ,ㅇ/ㅀ,ㅇ/ㅄ,ㅇ/ㅆ,ㅈ/:,ㅈ/ㄱ,ㅈ/ㄴ,ㅈ/ㄷ,ㅈ/ㄹ,ㅈ/ㅁ,ㅈ/ㅂ,ㅈ/ㅅ,ㅈ/ㅇ,ㅈ/ㅈ,ㅈ/ㅊ,ㅈ/ㅋ,ㅈ/ㅌ,ㅈ/ㅍ,ㅈ/ㅎ,ㅈ/ㄲ,ㅈ/ㄳ,ㅈ/ㄵ,ㅈ/ㄶ,ㅈ/ㄺ,ㅈ/ㄻ,ㅈ/ㄼ,ㅈ/ㄽ,ㅈ/ㄾ,ㅈ/ㄿ,ㅈ/ㅀ,ㅈ/ㅄ,ㅈ/ㅆ,ㅉ/:,ㅉ/ㄱ,ㅉ/ㄴ,ㅉ/ㄷ,ㅉ/ㄹ,ㅉ/ㅁ,ㅉ/ㅂ,ㅉ/ㅅ,ㅉ/ㅇ,ㅉ/ㅈ,ㅉ/ㅊ,ㅉ/ㅋ,ㅉ/ㅌ,ㅉ/ㅍ,ㅉ/ㅎ,ㅉ/ㄲ,ㅉ/ㄳ,ㅉ/ㄵ,ㅉ/ㄶ,ㅉ/ㄺ,ㅉ/ㄻ,ㅉ/ㄼ,ㅉ/ㄽ,ㅉ/ㄾ,ㅉ/ㄿ,ㅉ/ㅀ,ㅉ/ㅄ,ㅉ/ㅆ,ㅊ/:,ㅊ/ㄱ,ㅊ/ㄴ,ㅊ/ㄷ,ㅊ/ㄹ,ㅊ/ㅁ,ㅊ/ㅂ,ㅊ/ㅅ,ㅊ/ㅇ,ㅊ/ㅈ,ㅊ/ㅊ,ㅊ/ㅋ,ㅊ/ㅌ,ㅊ/ㅍ,ㅊ/ㅎ,ㅊ/ㄲ,ㅊ/ㄳ,ㅊ/ㄵ,ㅊ/ㄶ,ㅊ/ㄺ,ㅊ/ㄻ,ㅊ/ㄼ,ㅊ/ㄽ,ㅊ/ㄾ,ㅊ/ㄿ,ㅊ/ㅀ,ㅊ/ㅄ,ㅊ/ㅆ,ㅋ/:,ㅋ/ㄱ,ㅋ/ㄴ,ㅋ/ㄷ,ㅋ/ㄹ,ㅋ/ㅁ,ㅋ/ㅂ,ㅋ/ㅅ,ㅋ/ㅇ,ㅋ/ㅈ,ㅋ/ㅊ,ㅋ/ㅋ,ㅋ/ㅌ,ㅋ/ㅍ,ㅋ/ㅎ,ㅋ/ㄲ,ㅋ/ㄳ,ㅋ/ㄵ,ㅋ/ㄶ,ㅋ/ㄺ,ㅋ/ㄻ,ㅋ/ㄼ,ㅋ/ㄽ,ㅋ/ㄾ,ㅋ/ㄿ,ㅋ/ㅀ,ㅋ/ㅄ,ㅋ/ㅆ,ㅌ/:,ㅌ/ㄱ,ㅌ/ㄴ,ㅌ/ㄷ,ㅌ/ㄹ,ㅌ/ㅁ,ㅌ/ㅂ,ㅌ/ㅅ,ㅌ/ㅇ,ㅌ/ㅈ,ㅌ/ㅊ,ㅌ/ㅋ,ㅌ/ㅌ,ㅌ/ㅍ,ㅌ/ㅎ,ㅌ/ㄲ,ㅌ/ㄳ,ㅌ/ㄵ,ㅌ/ㄶ,ㅌ/ㄺ,ㅌ/ㄻ,ㅌ/ㄼ,ㅌ/ㄽ,ㅌ/ㄾ,ㅌ/ㄿ,ㅌ/ㅀ,ㅌ/ㅄ,ㅌ/ㅆ,ㅍ/:,ㅍ/ㄱ,ㅍ/ㄴ,ㅍ/ㄷ,ㅍ/ㄹ,ㅍ/ㅁ,ㅍ/ㅂ,ㅍ/ㅅ,ㅍ/ㅇ,ㅍ/ㅈ,ㅍ/ㅊ,ㅍ/ㅋ,ㅍ/ㅌ,ㅍ/ㅍ,ㅍ/ㅎ,ㅍ/ㄲ,ㅍ/ㄳ,ㅍ/ㄵ,ㅍ/ㄶ,ㅍ/ㄺ,ㅍ/ㄻ,ㅍ/ㄼ,ㅍ/ㄽ,ㅍ/ㄾ,ㅍ/ㄿ,ㅍ/ㅀ,ㅍ/ㅄ,ㅍ/ㅆ,ㅎ/:,ㅎ/ㄱ,ㅎ/ㄴ,ㅎ/ㄷ,ㅎ/ㄹ,ㅎ/ㅁ,ㅎ/ㅂ,ㅎ/ㅅ,ㅎ/ㅇ,ㅎ/ㅈ,ㅎ/ㅊ,ㅎ/ㅋ,ㅎ/ㅌ,ㅎ/ㅍ,ㅎ/ㅎ,ㅎ/ㄲ,ㅎ/ㄳ,ㅎ/ㄵ,ㅎ/ㄶ,ㅎ/ㄺ,ㅎ/ㄻ,ㅎ/ㄼ,ㅎ/ㄽ,ㅎ/ㄾ,ㅎ/ㄿ,ㅎ/ㅀ,ㅎ/ㅄ,ㅎ/ㅆ
ㅏ,가,각,간,갇,갈,감,갑,갓,강,갖,갗,갘,같,갚,갛,갂,갃,갅,갆,갉,갊,갋,갌,갍,갎,갏,값,갔,까,깍,깐,깓,깔,깜,깝,깟,깡,깢,깣,깤,깥,깦,깧,깎,깏,깑,깒,깕,깖,깗,깘,깙,깚,깛,깞,깠,나,낙,난,낟,날,남,납,낫,낭,낮,낯,낰,낱,낲,낳,낚,낛,낝,낞,낡,낢,낣,낤,낥,낦,낧,낪,났,다,닥,단,닫,달,담,답,닷,당,닺,닻,닼,닽,닾,닿,닦,닧,닩,닪,닭,닮,닯,닰,닱,닲,닳,닶,닸,따,딱,딴,딷,딸,땀,땁,땃,땅,땆,땇,땈,땉,땊,땋,딲,딳,딵,딶,딹,딺,딻,딼,딽,딾,딿,땂,땄,라,락,란,랃,랄,람,랍,랏,랑,랒,랓,랔,랕,랖,랗,띾,띿,랁,랂,랅,랆,랇,랈,랉,랊,랋,랎,랐,마,막,만,맏,말,맘,맙,맛,망,맞,맟,맠,맡,맢,맣,맊,맋,맍,많,맑,맒,맓,맔,맕,맖,맗,맚,맜,바,박,반,받,발,밤,밥,밧,방,밪,밫,밬,밭,밮,밯,밖,밗,밙,밚,밝,밞,밟,밠,밡,밢,밣,밦,밨,빠,빡,빤,빧,빨,빰,빱,빳,빵,빶,빷,빸,빹,빺,빻,빢,빣,빥,빦,빩,빪,빫,빬,빭,빮,빯,빲,빴,사,삭,산,삳,살,삼,삽,삿,상,샂,샃,샄,샅,샆,샇,삮,삯,삱,삲,삵,삶,삷,삸,삹,삺,삻,삾,샀,싸,싹,싼,싿,쌀,쌈,쌉,쌋,쌍,쌎,쌏,쌐,쌑,쌒,쌓,싺,싻,싽,싾,쌁,쌂,쌃,쌄,쌅,쌆,쌇,쌊,쌌,아,악,안,앋,알,암,압,앗,앙,앚,앛,앜,앝,앞,앟,앆,앇,앉,않,앍,앎,앏,앐,앑,앒,앓,앖,았,자,작,잔,잗,잘,잠,잡,잣,장,잦,잧,잨,잩,잪,잫,잒,잓,잕,잖,잙,잚,잛,잜,잝,잞,잟,잢,잤,짜,짝,짠,짣,짤,짬,짭,짯,짱,짲,짳,짴,짵,짶,짷,짞,짟,짡,짢,짥,짦,짧,짨,짩,짪,짫,짮,짰,차,착,찬,찯,찰,참,찹,찻,창,찾,찿,챀,챁,챂,챃,찪,찫,찭,찮,찱,찲,찳,찴,찵,찶,찷,찺,찼,카,칵,칸,칻,칼,캄,캅,캇,캉,캊,캋,캌,캍,캎,캏,칶,칷,칹,칺,칽,칾,칿,캀,캁,캂,캃,캆,캈,타,탁,탄,탇,탈,탐,탑,탓,탕,탖,탗,탘,탙,탚,탛,탂,탃,탅,탆,탉,탊,탋,탌,탍,탎,탏,탒,탔,파,팍,판,팓,팔,팜,팝,팟,팡,팢,팣,팤,팥,팦,팧,팎,팏,팑,팒,팕,팖,팗,팘,팙,팚,팛,팞,팠,하,학,한,핟,할,함,합,핫,항,핮,핯,핰,핱,핲,핳,핚,핛,핝,핞,핡,핢,핣,핤,핥,핦,핧,핪,핬
ㅐ,개,객,갠,갣,갤,갬,갭,갯,갱,갲,갳,갴,갵,갶,갷,갞,갟,갡,갢,갥,갦,갧,갨,갩,갪,갫,갮,갰,깨,깩,깬,깯,깰,깸,깹,깻,깽,깾,깿,꺀,꺁,꺂,꺃,깪,깫,깭,깮,깱,깲,깳,깴,깵,깶,깷,깺,깼,내,낵,낸,낻,낼,냄,냅,냇,냉,냊,냋,냌,냍,냎,냏,낶,낷,낹,낺,낽,낾,낿,냀,냁,냂,냃,냆,냈,대,댁,댄,댇,댈,댐,댑,댓,댕,댖,댗,댘,댙,댚,댛,댂,댃,댅,댆,댉,댊,댋,댌,댍,댎,댏,댒,댔,때,땍,땐,땓,땔,땜,땝,땟,땡,땢,떛,땤,땥,땦,땧,땎,땏,땑,땒,땕,땖,땗,땘,땙,땚,땛,땞,땠,래,랙,랜,랟,랠,램,랩,랫,랭,랮,랯,랰,랱,랲,랳,랚,랛,랝,랞,랡,랢,랣,랤,랥,랦,랧,랪,랬,매,맥,맨,맫,맬,맴,맵,맷,맹,맺,맻,맼,맽,맾,맿,맦,맧,맩,맪,맭,맮,맯,맰,맱,맲,맳,맶,맦,배,백,밴,밷,밸,뱀,뱁,뱃,뱅,뱆,뱇,뱈,뱉,뱊,뱋,밲,밳,밵,밶,밹,밺,밻,밼,밽,밾,밿,뱂,뱄,빼,빽,뺀,뺃,뺄,뺌,뺍,뺏,뺑,뺒,뺓,뺔,뺕,뺖,뺗,빾,빿,뺁,뺂,뺅,뺆,뺇,뺈,뺉,뺊,뺋,뺎,뺐,새,색,샌,샏,샐,샘,샙,샛,생,샞,샟,샠,샡,샢,샣,샊,샋,샍,샎,샑,샒,샓,샔,샕,샖,샗,샚,샜,쌔,쌕,쌘,쌛,쌜,쌤,쌥,쌧,쌩,쌪,쌫,쌬,쌭,쌮,쌯,쌖,쌗,쌙,쌚,쌝,쌞,쌟,쌠,쌡,쌢,쌣,쌦,쌨,애,액,앤,앧,앨,앰,앱,앳,앵,앶,앷,앸,앹,앺,앻,앢,앣,앥,앦,앩,앪,앫,앬,앭,앮,앯,앲,앴,재,잭,잰,잳,잴,잼,잽,잿,쟁,쟂,쟃,쟄,쟅,쟆,쟇,잮,잯,잱,잲,잵,잶,잷,잸,잹,잺,잻,잾,쟀,째,짹,짼,짿,쨀,쨈,쨉,쨋,쨍,쨎,쨏,쨐,쨑,쨒,쨓,짺,짻,짽,짾,쨁,쨂,쨃,쨄,쨅,쨆,쨇,쨊,쨌,채,책,챈,챋,챌,챔,챕,챗,챙,챚,챛,챜,챝,챞,챟,챆,챇,챉,챊,챍,챎,챏,챐,챑,챒,챓,챖,챘,캐,캑,캔,캗,캘,캠,캡,캣,캥,캦,캧,캨,캩,캪,캫,캒,캓,캕,캖,캙,캚,캛,캜,캝,캞,캟,캢,캤,태,택,탠,탣,탤,탬,탭,탯,탱,탲,탳,탴,탵,탶,탷,탞,탟,탡,탢,탥,탦,탧,탨,탩,탪,탫,탮,탰,패,팩,팬,팯,팰,팸,팹,팻,팽,팾,팿,퍀,퍁,퍂,퍃,팪,팫,팭,팮,팱,팲,팳,팴,팵,팶,팷,팺,팼,해,핵,핸,핻,핼,햄,햅,햇,행,햊,햋,햌,햍,햎,햏,핶,핷,핹,핺,핽,핾,핿,햀,햁,햂,햃,햆,했
ㅑ,갸,갹,갼,갿,걀,걈,걉,걋,걍,걎,걏,걐,걑,걒,걓,갺,갻,갽,갾,걁,걂,걃,걄,걅,걆,걇,걊,걌,꺄,꺅,꺈,꺋,꺌,꺔,꺕,꺗,꺙,꺚,꺛,꺜,깥,꺞,꺟,꺆,꺇,꺉,꺊,꺍,꺎,꺏,꺐,꺑,꺒,꺓,꺖,꺘,냐,냑,냔,냗,냘,냠,냡,냣,냥,냦,냧,냨,냩,냪,냫,냒,냓,냕,냖,냙,냚,냛,냜,냝,냞,냟,냢,냤,댜,댝,댠,댣,댤,댬,댭,댯,댱,댲,댳,댴,댵,댶,댷,댞,댟,댡,댢,댥,댦,댧,댨,댩,댪,댫,댮,댰,땨,땩,땬,땯,땰,땸,땹,땻,땽,땾,땿,떀,떁,떂,떃,땪,땫,땭,땮,땱,땲,땳,땴,땵,땶,땷,땺,땼,랴,략,랸,랻,랼,럄,럅,럇,량,럊,럋,럌,럍,럎,럏,랶,랷,랹,랺,랽,랾,랿,럀,럁,럂,럃,럆,럈,먀,먁,먄,먇,먈,먐,먑,먓,먕,먖,먗,먘,먙,먚,먛,먂,먃,먅,먆,먉,먊,먋,먌,먍,먎,먏,먒,먔,뱌,뱍,뱐,뱓,뱔,뱜,뱝,뱟,뱡,뱢,뱣,뱤,뱥,뱦,뱧,뱎,뱏,뱑,뱒,뱕,뱖,뱗,뱘,뱙,뱚,뱛,뱞,뱠,뺘,뺙,뺜,뺟,뺠,뺨,뺩,뺫,뺭,뺮,뺯,뺰,뺱,뺲,뺳,뺚,뺛,뺝,뺞,뺡,뺢,뺣,뺤,뺥,뺦,뺧,뺪,뺬,샤,샥,샨,샫,샬,샴,샵,샷,샹,샺,샻,샼,샽,샾,샿,샦,샧,샩,샪,샭,샮,샯,샰,샱,샲,샳,샶,샸,쌰,쌱,쌴,쌷,쌸,썀,썁,썃,썅,썆,썇,썈,썉,썊,썋,쌲,쌳,쌵,쌶,쌹,쌺,쌻,쌼,쌽,쌾,쌿,썂,썄,야,약,얀,얃,얄,얌,얍,얏,양,얒,얓,얔,얕,얖,얗,앾,앿,얁,얂,얅,얆,얇,얈,얉,얊,얋,얎,얐,쟈,쟉,쟌,쟏,쟐,쟘,쟙,쟛,쟝,쟞,쟟,쟠,쟡,쟢,쟣,쟊,쟋,쟍,쟎,쟑,쟒,쟓,쟔,쟕,쟖,쟗,쟚,쟜,쨔,쨕,쨘,쨛,쨜,쨤,쨥,쨧,쨩,쨪,쨫,쨬,쨭,쨮,쨯,쨖,쨗,쨙,쨚,쨝,쨞,쨟,쨠,쨡,쨢,쨣,쨦,쨨,챠,챡,챤,챧,챨,챰,챱,챳,챵,챶,챷,챸,챹,챺,챻,챢,챣,챥,챦,챩,챪,챫,챬,챭,챮,챯,챲,챴,캬,캭,캰,캳,캴,캼,캽,캿,컁,컂,컃,컄,컅,컆,컇,캮,캯,캱,캲,캵,캶,캷,캸,캹,캺,캻,캾,컀,탸,탹,탼,탿,턀,턈,턉,턋,턍,턎,턏,턐,턑,턒,턓,탺,탻,탽,탾,턁,턂,턃,턄,턅,턆,턇,턊,턌,퍄,퍅,퍈,퍋,퍌,퍔,퍕,퍗,퍙,퍚,퍛,퍜,퍝,퍞,퍟,퍆,퍇,퍉,퍊,퍍,퍎,퍏,퍐,퍑,퍒,퍓,퍖,퍘,햐,햑,햔,햗,햘,햠,햡,햣,향,햦,햧,햨,햩,햪,햫,햒,햓,햕,햖,햙,햚,햛,햜,햝,햞,햟,햢,햤
ㅒ,걔,걕,걘,걛,걜,걤,걥,걧,걩,걪,걫,걬,걭,걮,걯,걖,걗,걙,걚,걝,걞,걟,걠,걡,걢,걣,걦,걨,꺠,꺡,꺤,꺧,꺨,꺰,꺱,꺳,꺵,깾,꺷,꺸,꺹,꺺,꺻,꺢,꺣,꺥,꺦,꺩,꺪,꺫,꺬,꺭,꺮,꺯,꺲,꺴,냬,냭,냰,냳,냴,냼,냽,냿,넁,넂,넃,넄,넅,넆,넇,냮,냯,냱,냲,냵,냶,냷,냸,냹,냺,냻,냾,넀,댸,댹,댼,댿,덀,덈,덉,덋,덍,덎,덏,덐,덑,덒,덓,댺,댻,댽,댾,덁,덂,덃,덄,덅,덆,덇,덊,덌,떄,떅,떈,떋,떌,떔,떕,떗,떙,떚,떛,떜,떝,떞,떟,떆,떇,떉,떊,떍,떎,떏,떐,떑,떒,떓,떖,떘,럐,럑,럔,럗,럘,럠,럡,럣,럥,럦,럧,럨,럩,럪,럫,럒,럓,럕,럖,럙,럚,럛,럜,럝,럞,럟,럢,럤,먜,먝,먠,먣,먤,먬,먭,먯,먱,먲,먳,먴,먵,먶,먷,먞,먟,먡,먢,먥,먦,먧,먨,먩,먪,먫,먮,먰,뱨,뱩,뱬,뱯,뱰,뱸,뱹,뱻,뱽,뱾,뱿,벀,벁,벂,벃,뱪,뱫,뱭,뱮,뱱,뱲,뱳,뱴,뱵,뱶,뱷,뱺,뱼,뺴,뺵,뺸,뺻,뺼,뻄,뻅,뻇,뻉,뻊,뻋,뻌,뻍,뻎,뻏,뺶,뺷,뺹,뺺,뺽,뺾,뺿,뻀,뻁,뻂,뻃,뻆,뻈,섀,섁,섄,섇,섈,섐,섑,섓,섕,섖,섗,섘,섙,섚,섛,섂,섃,섅,섆,섉,섊,섋,섌,섍,섎,섏,섒,섔,썌,썍,썐,썓,썔,썜,썝,썟,썡,썢,썣,썤,썥,썦,썧,썎,썏,썑,썒,썕,쌞,썗,썘,썙,썚,썛,썞,썠,얘,얙,얜,얟,얠,얨,얩,얫,얭,얮,얯,얰,얱,얲,얳,얚,얛,얝,얞,얡,얢,얣,얤,얥,얦,얧,얪,얬,쟤,쟥,쟨,쟫,쟬,쟴,쟵,쟷,쟹,쟺,쟻,쟼,쟽,쟾,쟿,쟦,쟧,쟩,쟪,쟭,쟮,쟯,쟰,쟱,쟲,쟳,쟶,쟸,쨰,쨱,쨴,쨷,쨸,쩀,쩁,쩃,쩅,쩆,쩇,쩈,쩉,쩊,쩋,쨲,쨳,쨵,쨶,쨹,쨺,쨻,쨼,쨽,쨾,쨿,쩂,쩄,챼,챽,첀,첃,첄,첌,첍,첏,첑,첒,첓,첔,첕,첖,첗,챾,챿,첁,첂,첅,첆,첇,첈,첉,첊,첋,첎,첐,컈,컉,컌,컏,컐,컘,컙,컛,컝,컞,컟,컠,컡,컢,컣,컊,컋,컍,컎,컑,컒,컓,컔,컕,컖,컗,컚,컜,턔,턕,턘,턛,턜,턤,턥,턧,턩,턪,턫,턬,턭,턮,턯,턖,턗,턙,턚,턝,턞,턟,턠,턡,턢,턣,턦,턨,퍠,퍡,퍤,퍧,퍨,퍰,퍱,퍳,퍵,퍶,퍷,퍸,퍹,퍺,퍻,퍢,퍣,퍥,퍦,퍩,퍪,퍫,퍬,퍭,퍮,퍯,퍲,퍴,햬,햭,햰,햳,햴,햼,햽,햿,헁,헂,헃,헄,헅,헆,헇,햮,햯,햱,햲,햵,햶,햷,햸,햹,햺,햻,햾,헀
ㅓ,거,걱,건,걷,걸,검,겁,것,겅,겆,겇,겈,겉,겊,겋,걲,걳,걵,걶,걹,걺,걻,걼,걽,걾,걿,겂,겄,꺼,꺽,껀,껃,껄,껌,껍,껏,껑,껒,껓,껔,껕,껖,껗,꺾,꺿,껁,껂,껅,껆,껇,껈,껉,껊,껋,껎,껐,너,넉,넌,넏,널,넘,넙,넛,넝,넞,넟,넠,넡,넢,넣,넊,넋,넍,넎,넑,넒,넓,넔,넕,넖,넗,넚,넜,더,덕,던,덛,덜,덤,덥,덧,덩,덪,덫,덬,덭,덮,덯,덖,덗,덙,덚,덝,덞,덟,덠,덡,덢,덣,덦,덨,떠,떡,떤,떧,떨,떰,떱,떳,떵,떶,떷,떸,떹,떺,떻,떢,떣,떥,떦,떩,떪,떫,떬,떭,떮,떯,떲,떴,러,럭,런,럳,럴,럼,럽,럿,렁,렂,렃,렄,렅,렆,렇,럮,럯,럱,럲,럵,럶,럷,럸,럹,럺,럻,럾,렀,머,먹,먼,먿,멀,멈,멉,멋,멍,멎,멏,멐,멑,멒,멓,먺,먻,먽,먾,멁,멂,멃,멄,멅,멆,멇,멊,멌,버,벅,번,벋,벌,범,법,벗,벙,벚,벛,벜,벝,벞,벟,벆,벇,벉,벊,벍,벎,벏,벐,벑,벒,벓,벖,벘,뻐,뻑,뻔,뻗,뻘,뻠,뻡,뻣,뻥,뻦,뻧,뻨,뻩,뻪,뻫,뻒,뻓,뻕,뻖,뻙,뻚,뻛,뻜,뻝,뻞,뻟,뻢,뻤,서,석,선,섣,설,섬,섭,섯,성,섲,섳,섴,섵,섶,섷,섞,섟,섡,섢,섥,섦,섧,섨,섩,섪,섫,섮,섰,써,썩,썬,썯,썰,썸,썹,썻,썽,썾,썿,쎀,쎁,쎂,쎃,썪,썫,썭,썮,썱,썲,썳,썴,썵,썶,썷,썺,썼,어,억,언,얻,얼,엄,업,엇,엉,엊,엋,엌,엍,엎,엏,얶,얷,얹,얺,얽,얾,얿,엀,엁,엂,엃,없,었,저,적,전,젇,절,점,접,젓,정,젖,젗,젘,젙,젚,젛,젂,젃,젅,젆,젉,젊,젋,젌,젍,젎,젏,젒,젔,쩌,쩍,쩐,쩓,쩔,쩜,쩝,쩟,쩡,쩢,쩣,쩤,쩥,쩦,쩧,쩎,쩏,쩑,쩒,쩕,쩖,쩗,쩘,쩙,쩚,쩛,쩞,쩠,처,척,천,첟,철,첨,첩,첫,청,첮,첯,첰,첱,첲,첳,첚,첛,첝,첞,첡,첢,첣,첤,첥,첦,첧,첪,첬,커,컥,컨,컫,컬,컴,컵,컷,컹,컺,컻,컼,컽,컾,컿,컦,컧,컩,컪,컭,컮,컯,컰,컱,컲,컳,컶,컸,터,턱,턴,턷,털,텀,텁,텃,텅,텆,텇,텈,텉,텊,텋,턲,턳,턵,턶,턹,턺,턻,턼,턽,턾,턿,텂,텄,퍼,퍽,펀,펃,펄,펌,펍,펏,펑,펒,펓,펔,펕,펖,펗,퍾,퍿,펁,펂,펅,펆,펇,펈,펉,펊,펋,펎,펐,허,헉,헌,헏,헐,험,헙,헛,헝,헞,헟,헠,헡,헢,헣,헊,헋,헍,헎,헑,헒,헓,헔,헕,헖,헗,헚,헜
ㅔ,게,겍,겐,겓,겔,겜,겝,겟,겡,겢,겣,겤,겥,겦,겧,겎,겏,겑,겒,겕,겖,겗,겘,겙,겚,겛,겞,겠,께,껙,껜,껟,껠,껨,껩,껫,껭,껮,껯,껰,껱,껲,껳,껚,껛,껝,껞,껡,껢,껣,껤,껥,껦,껧,껪,껬,네,넥,넨,넫,넬,넴,넵,넷,넹,넺,넻,넼,넽,넾,넿,넦,넧,넩,넪,넭,넮,넯,넰,넱,넲,넳,넶,넸,데,덱,덴,덷,델,뎀,뎁,뎃,뎅,뎆,뎇,뎈,뎉,뎊,뎋,덲,덳,덵,덶,덹,덺,덻,덼,덽,덾,덿,뎂,뎄,떼,떽,뗀,뗃,뗄,뗌,뗍,뗏,뗑,뗒,뗓,뗔,뗕,뗖,뗗,떾,떿,뗁,뗂,뗅,뗆,뗇,뗈,뗉,뗊,똃,뗎,뗐,레,렉,렌,렏,렐,렘,렙,렛,렝,렞,렟,렠,렡,렢,렣,렊,렋,렍,렎,렑,렒,렓,렔,렕,렖,렗,렚,렜,메,멕,멘,멛,멜,멤,멥,멧,멩,멪,멫,멬,멭,멮,멯,멖,멗,멙,멚,멝,멞,멟,멠,멡,멢,멣,멦,멨,베,벡,벤,벧,벨,벰,벱,벳,벵,벶,벷,벸,벹,벺,벻,벢,벣,벥,벦,벩,벪,벫,벬,벭,벮,벯,벲,벴,뻬,뻭,뻰,뻳,뻴,뻼,뻽,뻿,뼁,뼂,뼃,뼄,뼅,뼆,뼇,뻮,뻯,뻱,뻲,뻵,뻶,뻷,뻸,뻹,뻺,뼳,뻾,뼀,세,섹,센,섿,셀,셈,셉,셋,셍,셎,셏,셐,셑,셒,셓,섺,섻,섽,섾,셁,셂,셃,셄,셅,셆,셇,셊,셌,쎄,쎅,쎈,쎋,쎌,쎔,쎕,쎗,쎙,쎚,쎛,쎜,쎝,쎞,쎟,쎆,쎇,쎉,쎊,쎍,쎎,쎏,쏈,쎑,쎒,쎓,쎖,쎘,에,엑,엔,엗,엘,엠,엡,엣,엥,엦,엧,엨,엩,엪,엫,엒,엓,엕,엖,엙,엚,엛,엜,엝,엞,엟,엢,엤,제,젝,젠,젣,젤,젬,젭,젯,젱,젲,젳,젴,젵,젶,젷,젞,젟,젡,젢,젥,젦,젧,젨,젩,젪,젫,젮,젰,쩨,쩩,쩬,쩯,쩰,쩸,쩹,쩻,쩽,쩾,쩿,쪀,쪁,쪂,쪃,쩪,쩫,쩭,쩮,쩱,쩲,쩳,쩴,쩵,쩶,쩷,쩺,쩼,체,첵,첸,첻,첼,쳄,쳅,쳇,쳉,쳊,쳋,쳌,쳍,쳎,쳏,첶,첷,첹,첺,첽,첾,첿,쳀,쳁,쳂,쳃,쳆,쳈,케,켁,켄,켇,켈,켐,켑,켓,켕,켖,켗,켘,켙,켚,켛,켂,켃,켅,켆,켉,켊,켋,켌,켍,켎,켏,켒,켔,테,텍,텐,텓,텔,템,텝,텟,텡,텢,텣,텤,텥,텦,텧,텎,텏,텑,텒,텕,텖,텗,텘,텙,텚,텛,텞,텠,페,펙,펜,펟,펠,펨,펩,펫,펭,펮,펯,펰,펱,펲,펳,펚,펛,펝,펞,펡,펢,펣,펤,펥,펦,펧,펪,펬,헤,헥,헨,헫,헬,헴,헵,헷,헹,헺,헻,헼,헽,헾,헿,헦,헧,헩,헪,헭,헮,헯,헰,헱,헲,헳,헶,헸
ㅕ,겨,격,견,겯,결,겸,겹,겻,경,겾,겿,곀,곁,곂,곃,겪,겫,겭,겮,겱,겲,겳,겴,겵,겶,겷,겺,겼,껴,껵,껸,껻,껼,꼄,꼅,꼇,꼉,꼊,꼋,꼌,꼍,꼎,꼏,껶,껷,껹,껺,껽,껾,껿,꼀,꼁,꼂,꼃,꼆,꼈,녀,녁,년,녇,녈,념,녑,녁,녕,녖,녗,녘,녙,녚,녛,녂,녃,녅,녆,녉,녊,녋,녌,녍,녎,녏,녒,녔,뎌,뎍,뎐,뎓,뎔,뎜,뎝,뎟,뎡,뎢,뎣,뎤,뎥,뎦,뎧,뎎,뎏,뎑,뎒,뎕,뎖,뎗,뎘,뎙,뎚,뎛,뎞,뎠,뗘,뗙,뗜,뗟,뗠,뗨,뗩,뗫,뗭,뗮,뗯,뗰,뗱,뗲,뗳,뗚,뗛,뗝,뗞,뗡,뗢,뗣,뗤,뗥,뗦,뗧,뗪,뗬,려,력,련,렫,렬,렴,렵,렷,령,렺,렻,렼,렽,렾,렿,렦,렧,렩,렪,렭,렮,렯,렰,렱,렲,렳,렶,렸,며,멱,면,멷,멸,몀,몁,몃,명,몆,몇,몈,몉,몊,몋,멲,멳,멵,멶,멹,멺,멻,멼,멽,멾,멿,몂,몄,벼,벽,변,볃,별,볌,볍,볏,병,볒,볓,볔,볕,볖,볗,벾,벿,볁,볂,볅,볆,볇,볈,볉,볊,볋,볎,볐,뼈,뼉,뼌,뼏,뼐,뼘,뼙,뼛,뼝,뼞,뼟,뼠,뼡,뼢,뼣,뼊,뼋,뼍,뼎,뼑,뼒,뼓,뼔,뼕,뼖,뼗,뼚,뼜,셔,셕,션,셛,셜,셤,셥,셧,셩,셪,셫,셬,셭,셮,셯,셖,셗,셙,셚,셝,셞,셟,셠,셡,셢,셣,셦,셨,쎠,쎡,쎤,쎧,쎨,쎰,쎱,쎳,쎵,쎶,쎷,쎸,쎹,쎺,쎻,쎢,쎣,쎥,쎦,쎩,쎪,쎫,쎬,쎭,쎮,쎯,쎲,쎴,여,역,연,엳,열,염,엽,엿,영,혖,옃,옄,옅,옆,옇,엮,엯,엱,엲,엵,엶,엷,엸,엹,엺,엻,엾,였,져,젹,젼,젿,졀,졈,졉,졋,졍,졎,졏,졐,졑,졒,졓,젺,젻,젽,젾,졁,졂,졃,졄,졅,졆,졇,졊,졌,쪄,쪅,쪈,쪋,쪌,쪔,쪕,쪗,쪙,쪚,쪛,쪜,쪝,쪞,쪟,쪆,쪇,쪉,쪊,쪍,쪎,쪏,쪐,쪑,쪒,쪓,쪖,쪘,쳐,쳑,쳔,쳗,쳘,쳠,쳡,쳣,쳥,쳦,쳧,쳨,쳩,쳪,쳫,쳒,쳓,쳕,쳖,쳙,쳚,쳛,쳜,쳝,쳞,쳟,쳢,쳤,켜,켝,켠,켣,켤,켬,켭,켯,켱,켲,켳,켴,켵,켶,켷,켞,켟,켡,켢,켥,켦,켧,켨,켩,켪,켫,켮,켰,텨,텩,텬,텯,텰,텸,텹,텻,텽,텾,텿,톀,톁,톂,톃,텪,텪,텭,텮,텱,텲,텳,텴,텵,텶,텷,텺,텼,펴,펵,편,펻,펼,폄,폅,폇,평,폊,폋,폌,폍,폎,폏,펶,펷,펹,펺,펽,펾,펿,폀,폁,폂,폃,폆,폈,혀,혁,현,혇,혈,혐,협,혓,형,혖,혗,혘,혙,혚,혛,혂,혃,혅,혆,혉,혊,혋,혌,혍,혎,혏,혒,혔
ㅖ,계,곅,곈,곋,곌,곔,곕,곗,곙,곚,곛,곜,곝,곞,곟,곆,곇,곉,곊,곍,곎,곏,곐,곑,곒,곓,곖,곘,꼐,꼑,꼔,꼗,꼘,꼠,껩,꼣,꼥,꼦,꼧,꼨,꼩,꼪,꼫,꼒,껛,꼕,꼖,꼙,꼚,꼛,꼜,꼝,꼞,꼟,꼢,꼤,녜,녝,녠,녣,녤,녬,녭,녯,녱,녲,녳,녴,녵,녶,녷,녞,녟,녡,녢,녥,녦,녧,녨,녩,녪,녫,녮,녰,뎨,뎩,뎬,뎯,뎰,뎸,뎹,뎻,뎽,뎾,뎿,돀,돁,돂,돃,뎪,뎫,뎭,뎮,뎱,뎲,뎳,뎴,뎵,뎶,뎷,뎺,뎼,뗴,뗵,뗸,뗻,뗼,똄,똅,똇,똉,똊,똋,똌,똍,똎,똏,뗶,뗷,뗹,뗺,뗽,뗾,뗿,똀,똁,똂,똃,똆,똈,례,롁,롄,롇,롈,롐,롑,롓,롕,롖,롗,롘,롙,롚,롛,롂,롃,롅,롆,롉,롊,롋,롌,롍,롎,롏,롒,롔,몌,몍,몐,몓,몔,몜,몝,몟,몡,몢,몣,몤,몥,몦,몧,몎,몏,몑,몒,몕,몖,몗,몘,몙,몚,몛,몞,몠,볘,볙,볜,볟,볠,볨,볩,볫,볭,볮,볯,볰,볱,볲,볳,볚,볛,볝,볞,볡,볢,볣,볤,볥,볦,볧,볪,볬,뼤,뼥,뼨,뼫,뼬,뼴,뼵,뼷,뼹,뼺,뼻,뼼,뼽,뼾,뼿,뼦,뼧,뼩,뼪,뼭,뼮,뼯,뼰,뼱,뼲,뼳,뼶,뼸,셰,셱,셴,셷,셸,솀,솁,솃,솅,솆,솇,솈,솉,솊,솋,셲,셳,셵,셶,셹,셺,셻,셼,셽,셾,셿,솂,솄,쎼,쎽,쏀,쏃,쏄,쏌,쏍,쏏,쏑,쏒,쏓,쏔,쏕,쏖,쏗,쎾,쎿,쏁,쏂,쏅,쏆,쏇,쏈,쏉,쏊,쏋,쏎,쏐,예,옉,옌,옏,옐,옘,옙,옛,옝,옞,옟,옠,옡,옢,옣,옊,옋,옍,옎,옑,옒,옓,옔,옕,옖,옗,옚,엤,졔,졕,졘,졛,졜,졤,졥,졧,졩,졪,졫,졬,졭,졮,졯,졖,졗,졙,졚,졝,졞,졟,졠,졡,졢,졣,졦,젰,쪠,쪡,쪤,쪧,쪨,쪰,쪱,쪳,쪵,쪶,쪷,쪸,쪹,쪺,쪻,쪢,쪣,쪥,쪦,쪩,쪪,쪫,쪬,쩵,쪮,쪯,쪲,쪴,쳬,쳭,쳰,쳳,쳴,쳼,쳽,쳿,촁,촂,촃,촄,촅,촆,촇,쳮,쳯,쳱,쳲,쳵,쳶,쳷,쳸,쳹,쳺,쳻,쳾,쳿,켸,켹,켼,켿,콀,콈,콉,콋,콍,콎,콏,콐,콑,콒,콓,켺,켻,켽,켾,콁,콂,콃,콄,콅,콆,콇,콊,콌,톄,톅,톈,톋,톌,톔,톕,톗,톙,톚,톛,톜,톝,톞,톟,톆,톇,톉,톊,톍,톎,톏,톐,톑,톒,톓,톖,톘,폐,폑,폔,폗,폘,폠,폡,폣,폥,폦,폧,폨,폩,폪,폫,폒,폓,폕,폖,폙,폚,폛,폜,폝,폞,폟,폢,폤,혜,혝,혠,혣,혤,혬,혭,혯,혱,혲,혳,혴,혵,혶,혷,혞,혟,혡,혢,혥,혦,혧,혨,혩,혪,혫,혮,혰
ㅗ,고,곡,곤,곧,골,곰,곱,곳,공,곶,곷,곸,곹,곺,곻,곢,곣,곥,곦,곩,곪,곫,곬,곭,곮,곯,곲,곴,꼬,꼭,꼰,꼳,꼴,꼼,꼽,꼿,꽁,꽂,꽃,꽄,꽅,꽆,꽇,꼮,꼯,꼱,꼲,꼵,꼶,꼷,꼸,꼹,꼺,꼻,꼾,꽀,노,녹,논,녿,놀,놈,놉,놋,농,놎,놏,놐,놑,높,놓,녺,녻,녽,녾,놁,놂,놃,놄,놅,놆,놇,놊,놌,도,독,돈,돋,돌,돔,돕,돗,동,돚,돛,돜,돝,돞,돟,돆,돇,돉,돊,돍,돎,돏,돐,돑,돒,돓,돖,돘,또,똑,똔,똗,똘,똠,똡,똣,똥,똦,똧,똨,똩,똪,똫,똒,똓,똕,똖,똙,똚,똛,똜,똝,똞,똟,똢,똤,로,록,론,롣,롤,롬,롭,롯,롱,롲,롳,롴,롵,롶,롷,롞,롟,롡,롢,롥,롦,롧,롨,롩,롪,롫,롮,롰,모,목,몬,몯,몰,몸,몹,못,몽,몾,몿,뫀,뫁,뫂,뫃,몼,몫,몭,몮,몱,몲,몳,몴,몵,몶,몷,몺,몼,보,복,본,볻,볼,봄,봅,봇,봉,봊,봋,봌,봍,봎,봏,볶,볷,볹,볺,볽,볾,볿,봀,봁,봂,봃,봆,봈,뽀,뽁,뽄,뽇,뽈,뽐,뽑,뽓,뽕,뽖,뽗,뽘,뽙,뽚,뽛,뽂,뽃,뽅,뽆,뽉,뽊,뽋,뽌,뽍,뽎,뽏,뽒,뽔,소,속,손,솓,솔,솜,솝,솟,송,솢,솣,솤,솥,솦,솧,솎,솏,솑,솒,솕,솖,솗,솘,솙,솚,솛,솞,솠,쏘,쏙,쏜,쏟,쏠,쏨,쏩,쏫,쏭,쏮,쏯,쏰,쏱,쏲,쏳,쏚,쏛,쏝,쏞,쏡,쏢,쏣,쏤,쏥,쏦,쏧,쏪,쏬,오,옥,온,옫,올,옴,옵,옷,옹,옺,옻,옼,옽,옾,옿,옦,옧,옩,옪,옭,옮,옯,옰,옱,옲,옳,옶,옸,조,족,존,졷,졸,좀,좁,좃,종,좆,좇,좈,좉,좊,좋,졲,졳,졵,졶,졹,졺,졻,졼,졽,졾,졿,좂,좄,쪼,쪽,쫀,쫃,쫄,쫌,쫍,쫏,쫑,쫒,쫓,쫔,쫕,쫖,쫗,쪾,쪿,쫁,쫂,쫅,쫆,쫇,쫈,쫉,쫊,쫋,쫎,쫐,초,촉,촌,촏,촐,촘,촙,촛,총,촞,촟,촠,촡,촢,촣,촊,촋,촍,촎,촑,촒,촓,촔,촕,촖,촗,촚,촜,코,콕,콘,콛,콜,콤,콥,콧,콩,콪,콫,콬,콭,콮,콯,콖,콗,콙,콚,콝,콞,콟,콠,콡,콢,콣,콦,콨,토,톡,톤,톧,톨,톰,톱,톳,통,톶,톷,톸,톹,톺,톻,톢,톣,톥,톦,톩,톪,톫,톬,톭,톮,톯,톲,톴,포,폭,폰,폳,폴,폼,폽,폿,퐁,퐂,퐃,퐄,퐅,퐆,퐇,폮,폯,폱,폲,폵,폶,폷,폸,폹,폺,폻,폾,퐀,호,혹,혼,혿,홀,홈,홉,홋,홍,홎,홏,홐,홑,홒,홓,혺,혻,혽,혾,홁,홂,홃,홄,홅,홆,홇,홊,홌
ㅛ,교,굑,굔,굗,굘,굠,굡,굣,굥,굦,굧,굨,굩,굪,굫,굒,굓,굕,굖,굙,굚,굛,굜,굝,굝,굟,굢,굤,꾜,꾝,꾠,꾣,꾤,꾬,꾭,꾯,꾱,꾲,꾳,꾴,꾵,꾶,꾷,꾞,꾟,꾡,꾢,꾥,꾦,꾧,꾨,꾩,꾩,꾫,꾮,꾰,뇨,뇩,뇬,뇯,뇰,뇸,뇹,뇻,뇽,뇾,뇿,눀,눁,눂,눃,뇪,뇫,뇭,뇮,뇱,뇲,뇳,뇴,뇵,뇵,뇷,뇺,뇪,됴,됵,됸,됻,됼,둄,둅,둇,둉,둊,둋,둌,둍,둎,둏,됶,됷,됹,됺,됽,됾,됿,둀,둁,둁,둃,둆,둈,뚀,뚁,뚄,뚇,뚈,뚐,뚑,뚓,뚕,뚖,뚗,뚘,뚙,뚚,뚛,뚂,뚃,뚅,뚆,뚉,뚊,뚋,뚌,뚍,뚍,뚏,뚒,뚔,료,룍,룐,룓,룔,룜,룝,룟,룡,룢,룣,룤,룥,룦,룧,룎,룏,룑,룒,룕,룖,룗,룘,룙,룙,룛,룞,룠,묘,묙,묜,묟,묠,묨,묩,묫,묭,묮,묯,묰,묱,묲,묳,묚,묛,묝,묞,묡,묢,묣,묤,묥,묥,묧,묪,묬,뵤,뵥,뵨,뵫,뵬,뵴,뵵,뵷,뵹,뵺,뵻,뵼,뵽,뵾,뵿,뵦,뵧,뵩,뵪,뵭,뵮,뵯,뵰,뵱,뵱,뵳,뵶,뵸,뾰,뾱,뾴,뾷,뾸,뿀,뿁,뿃,뿅,뿆,뿇,뿈,뿉,뿊,뿋,뾲,뾳,뾵,뾶,뾹,뾺,뾻,뾼,뾽,뾽,뾿,뿂,뿄,쇼,쇽,숀,숃,숄,숌,숍,숏,숑,숒,숓,숔,숕,숖,숗,쇾,쇿,숁,숂,숅,숆,숇,숈,숉,숉,숋,숎,숐,쑈,쑉,쑌,쑏,쑐,쑘,쑙,쑛,쑝,쑞,쑟,쑠,쑡,쑢,쑣,쑊,쑋,쑍,쑎,쑑,쑒,쑓,쑔,쑕,쑕,쑗,쑚,쑜,요,욕,욘,욛,욜,욤,욥,욧,용,욪,욫,욬,욭,욮,욯,욖,욗,욙,욚,욝,욞,욟,욠,욡,욡,욣,욦,욨,죠,죡,죤,죧,죨,죰,죱,죳,죵,죶,죷,죸,죹,죺,죻,죢,죣,죥,죦,죩,죪,죫,죬,죭,죭,죯,죲,죴,쬬,쬭,쬰,쬳,쬴,쬼,쬽,쬿,쭁,쭂,쭃,쭄,쭅,쭆,쭇,쬮,쬯,쬱,쬲,쬵,쬶,쬷,쬸,쬹,쬹,쬻,쬾,쭀,쵸,쵹,쵼,쵿,춀,춈,춉,춋,춍,춎,춏,춐,춑,춒,춓,쵺,쵻,쵽,쵾,춁,춂,춃,춄,춅,춅,춇,춊,춌,쿄,쿅,쿈,쿋,쿌,쿔,쿕,쿗,쿙,쿚,쿛,쿜,쿝,쿞,쿟,쿆,쿇,쿉,쿊,쿍,쿎,쿏,쿐,쿑,쿑,쿓,쿖,쿘,툐,툑,툔,툗,툘,툠,툡,툣,툥,툦,툧,툨,툩,툪,툘,툒,툓,툕,툖,툙,툚,툛,툜,툝,툝,툟,툢,툤,표,푝,푠,푣,푤,푬,푭,푯,푱,푲,푳,푴,푵,푶,푤,푞,푟,푡,푢,푥,푦,푧,푨,푩,푩,푫,푮,푰,효,횩,횬,횯,횰,횸,횹,횻,횽,횾,횿,훀,훁,훂,훃,횪,횫,횭,횮,횱,횲,횳,횴,횵,횵,횷,횺,횼
ㅜ,구,국,군,굳,굴,굼,굽,굿,궁,궂,궃,궄,궅,궆,궇,굮,굯,굱,굲,굵,굶,굷,굸,굹,굺,굻,굾,궀,꾸,꾹,꾼,꾿,꿀,꿈,꿉,꿋,꿍,꿎,꿏,꿐,꿑,꿒,꿓,꾺,꾻,꾽,꾾,꿁,꿂,꿃,꿄,꿅,꿆,꿇,꿊,꿌,누,눅,눈,눋,눌,눔,눕,눗,눙,눚,눛,눜,눝,눞,눟,눆,눇,눉,눊,눍,눎,눏,눐,눑,눒,눓,눖,눘,두,둑,둔,둗,둘,둠,둡,둣,둥,둦,둧,둨,둩,둪,둫,둒,둓,둕,둖,둙,둚,둛,둜,둝,둞,둟,둢,둤,뚜,뚝,뚠,뚣,뚤,뚬,뚭,뚯,뚱,뚲,뚳,뚴,뚵,뚶,뚷,뚞,뚟,뚡,뚢,뚥,뚦,뚧,뚨,뚩,뚪,뚫,뚮,뚰,루,룩,룬,룯,룰,룸,룹,룻,룽,룾,룿,뤀,뤁,뤂,뤃,룪,룫,룭,룮,룱,룲,룳,룴,룵,룶,룷,룺,룼,무,묵,문,묻,물,뭄,뭅,뭇,뭉,뭊,뭋,뭌,뭍,뭎,뭏,묶,묷,묹,묺,묽,묾,묿,뭀,뭁,뭂,뭃,뭆,뭈,부,북,분,붇,불,붐,붑,붓,붕,붖,붗,붘,붙,붚,붛,붂,붃,붅,붆,붉,붊,붋,붌,붍,붎,붏,붒,붔,뿌,뿍,뿐,뿓,뿔,뿜,뿝,뿟,뿡,뿢,뿣,뿤,뿥,뿦,뿧,뿎,뿏,뿑,뿒,뿕,뿖,뿗,뿘,뿙,뿚,뿛,뿞,뿠,수,숙,순,숟,술,숨,숩,숫,숭,숮,숯,숰,숱,숲,숳,숚,숛,숝,숞,숡,숢,숣,숤,숥,숦,숧,숪,숬,쑤,쑥,쑨,쑫,쑬,쑴,쑵,쑷,쑹,쑺,쑻,쑼,쑽,쑾,쑿,쑦,쑧,쑩,쑪,쑭,쑮,쑯,쑰,쑱,쑲,쑳,쑶,쑸,우,욱,운,욷,울,움,웁,웃,웅,웆,웇,웈,웉,웊,웋,욲,욳,욵,욶,욹,욺,욻,욼,욽,욾,욿,웂,웄,주,죽,준,줃,줄,줌,줍,줏,중,줒,줓,줔,줕,줖,줗,죾,죿,줁,줂,줅,줆,줇,줈,줉,줊,줋,줎,줐,쭈,쭉,쭌,쭏,쭐,쭘,쭙,쭛,쭝,쭞,쭟,쭠,쭡,쭢,쭣,쭊,쭋,쭍,쭎,쭑,쭒,쭓,쭔,쭕,쭖,쭗,쭚,쭜,추,축,춘,춛,출,춤,춥,춧,충,춪,춫,춬,춭,춮,춯,춖,춗,춙,춚,춝,춞,춟,춠,춡,춢,춣,춦,춨,쿠,쿡,쿤,쿧,쿨,쿰,쿱,쿳,쿵,쿶,쿷,쿸,쿹,쿺,쿻,쿢,쿣,쿥,쿦,쿩,쿪,쿫,쿬,쿭,쿮,쿯,쿲,쿴,투,툭,툰,툳,툴,툼,툽,툿,퉁,퉂,퉃,퉄,퉅,퉆,퉇,툮,툯,툱,툲,툵,툶,툷,툸,툹,툺,툻,툾,퉀,푸,푹,푼,푿,풀,품,풉,풋,풍,풎,풏,풐,풑,풒,풓,푺,푻,푽,푾,풁,풂,풃,풄,풅,풆,풇,풊,풌,후,훅,훈,훋,훌,훔,훕,훗,훙,훚,훛,훜,훝,훞,훟,훆,훇,훉,훊,훍,훎,훏,훐,훑,훒,훓,훖,훘
ㅠ,규,귝,균,귣,귤,귬,귭,귯,귱,귲,귳,귴,귵,귶,귷,귞,귟,귡,귢,귥,귦,귧,귨,귩,귪,귫,귮,귰,뀨,뀩,뀬,뀯,뀰,뀸,뀹,뀻,뀽,뀾,뀿,끀,끁,끂,끃,뀪,뀫,뀭,뀮,뀱,뀲,뀳,뀴,뀵,뀶,뀷,뀺,뀼,뉴,뉵,뉸,뉻,뉼,늄,늅,늇,늉,늊,늋,늌,늍,늎,늏,뉶,뉷,뉹,뉺,뉽,뉾,뉿,늀,늁,늂,늃,늆,늈,듀,듁,듄,듇,듈,듐,듑,듓,듕,듖,듗,듘,듙,듚,듛,듂,듃,듅,듆,듉,듊,듋,듌,듍,듎,듏,듒,듔,뜌,뜍,뜐,뜓,뜔,뜜,뜝,뜟,뜡,뜢,뜣,뜤,뜥,뜦,뜧,뜎,뜏,뜑,뜒,뜕,뜖,뜗,뜘,뜙,뜚,뜛,뜞,뜠,류,륙,륜,륟,률,륨,륩,륫,륭,륮,륯,륰,륱,륲,륳,륚,륛,륝,륞,륡,륢,륣,륤,륥,륦,륧,륪,륬,뮤,뮥,뮨,뮫,뮬,뮴,뮵,뮷,뮹,뮺,뮻,뮼,뮽,뮾,뮿,뮦,뮧,뮩,뮪,뮭,뮮,뮯,뮰,뮱,뮲,뮳,뮶,뮸,뷰,뷱,뷴,뷷,뷸,븀,븁,븃,븅,븆,븇,븈,븉,븊,븋,뷲,뷳,뷵,뷶,뷹,뷺,뷻,뷼,뷽,뷾,뷿,븂,븄,쀼,쀽,쁀,쁃,쁄,쁌,쁍,쁏,쁑,쁒,쁓,쁔,쁕,쁖,쁗,쀾,쀿,쁁,쁂,쁅,쁆,쁇,쁈,쁉,쁊,쁋,쁎,쁐,슈,슉,슌,슏,슐,슘,슙,슛,슝,슞,슟,슠,슡,슢,슣,슊,슋,슍,슎,슑,슒,슓,슔,슕,슖,슗,슚,슜,쓔,쓕,쓘,쓛,쓜,쓤,쓥,쓧,쓩,쓪,쓫,쓬,쓭,쓮,쓯,쓖,쓗,쓙,쓚,쓝,쓞,쓟,쓠,쓡,쓢,쓣,쓦,쓨,유,육,윤,윧,율,윰,윱,윳,융,윶,윷,윸,윹,윺,윻,윢,윣,윥,윦,윩,윪,윫,윬,윭,윮,윯,윲,윴,쥬,쥭,쥰,쥳,쥴,쥼,쥽,쥿,즁,즂,즃,즄,즅,즆,즇,쥮,쥯,쥱,쥲,쥵,쥶,쥷,쥸,쥹,쥺,쥻,쥾,즀,쮸,쮹,쮼,쮿,쯀,쯈,쯉,쯋,쯍,쯎,쯏,쯐,쯑,쯒,쯓,쮺,쮻,쮽,쮾,쯁,쯂,쯃,쯄,쯅,쯆,쯇,쯊,쯌,츄,츅,츈,츋,츌,츔,츕,츗,츙,츚,츛,츜,츝,츞,츟,츆,츇,츉,츊,츍,츎,츏,츐,츑,츒,츓,츖,츘,큐,큑,큔,큗,큘,큠,큡,큣,큥,큦,큧,큨,큩,큪,큫,큒,큓,큕,큖,큙,큚,큛,큜,큝,큞,큟,큢,큤,튜,튝,튠,튣,튤,튬,튭,튯,튱,튲,튳,튴,튵,튶,튷,튞,튟,튡,튢,튥,튦,튧,튨,튩,튪,튫,튮,튰,퓨,퓩,퓬,퓯,퓰,퓸,퓹,퓻,퓽,퓾,퓿,픀,픁,픂,픃,퓪,퓫,퓭,퓮,퓱,퓲,퓳,퓴,퓵,퓶,퓷,퓺,퓼,휴,휵,휸,휻,휼,흄,흅,흇,흉,흊,흋,흌,흍,흎,흏,휶,휷,휹,휺,휽,휾,휿,흀,흁,흂,흃,흆,흈
ㅡ,그,극,근,귿,글,금,급,긋,긍,긎,긏,긐,긑,긒,긓,귺,귻,귽,귾,긁,긂,긃,긄,긅,긆,긇,긊,긌,끄,끅,끈,끋,끌,끔,끕,끗,끙,끚,끛,끜,끝,끞,끟,끆,끇,끉,끊,끍,끎,끏,끐,끑,끒,끓,끖,끘,느,늑,는,늗,늘,늠,늡,늣,능,늦,늧,늨,늩,늪,늫,늒,늓,늕,늖,늙,늚,늛,늜,늝,늞,늟,늢,늤,드,득,든,듣,들,듬,듭,듯,등,듲,듳,듴,듵,듶,듷,듞,듟,듡,듢,듥,듦,듧,듨,듩,듪,듫,듮,듰,뜨,뜩,뜬,뜯,뜰,뜸,뜹,뜻,뜽,뜾,뜿,띀,띁,띂,띃,뜪,뜫,뜭,뜮,뜱,뜲,뜳,뜴,뜵,뜶,뜷,뜺,뜼,르,륵,른,륻,를,름,릅,릇,릉,릊,릋,릌,릍,릎,릏,륶,륷,륹,륺,륽,륾,륿,릀,릁,릂,릃,릆,릈,므,믁,믄,믇,믈,믐,믑,믓,믕,믖,믗,믘,믙,믚,믛,믂,믃,믅,믆,믉,믊,믋,믌,믍,믎,믏,믒,믔,브,븍,븐,븓,블,븜,븝,븟,븡,븢,븣,븤,븥,븦,븧,븎,븏,븑,븒,븕,븖,븗,븘,븙,븚,븛,븞,븠,쁘,쁙,쁜,쁟,쁠,쁨,쁩,쁫,쁭,쁮,쁯,쁰,쁱,쁲,쁳,쁚,쁛,쁝,쁞,쁡,쁢,쁣,쁤,쁥,쁦,쁧,쁪,쁬,스,슥,슨,슫,슬,슴,습,슷,승,슺,슻,슼,슽,슾,슿,슦,슧,슩,슪,슭,슮,슯,슰,슱,슲,슳,슶,슸,쓰,쓱,쓴,쓷,쓸,씀,씁,씃,씅,씆,씇,씈,씉,씊,씋,쓲,쓳,쓵,쓶,쓹,쓺,쓻,쓼,쓽,쓾,쓿,씂,씄,으,윽,은,읃,을,음,읍,읏,응,읒,읓,읔,읕,읖,읗,윾,윿,읁,읂,읅,읆,읇,읈,읉,읊,읋,읎,읐,즈,즉,즌,즏,즐,즘,즙,즛,증,즞,즟,즠,즡,즢,즣,즊,즋,즍,즎,즑,즒,즓,즔,즕,즖,즗,즚,즜,쯔,쯕,쯘,쯛,쯜,쯤,쯥,쯧,쯩,쯪,쯫,쯬,쯭,쯮,쯯,쯖,쯗,쯙,쯚,쯝,쯞,쯟,쯠,쯡,쯢,쯣,쯦,쯨,츠,측,츤,츧,츨,츰,츱,츳,층,츶,츷,츸,츹,츺,츻,츢,츣,츥,츦,츩,츪,츫,츬,츭,츮,츯,츲,츴,크,큭,큰,큳,클,큼,큽,큿,킁,킂,킃,킄,킅,킆,킇,큮,큯,큱,큲,큵,큶,큷,큸,큹,큺,큻,큾,킀,트,특,튼,튿,틀,틈,틉,틋,틍,틎,틏,틐,틑,틒,틓,튺,튻,튽,튾,틁,틂,틃,틄,틅,틆,틇,틊,틌,프,픅,픈,픋,플,픔,픕,픗,픙,픚,픛,픜,픝,픞,픟,픆,픇,픉,픊,픍,픎,픏,픐,픑,픒,픓,픖,픘,흐,흑,흔,흗,흘,흠,흡,흣,흥,흦,흧,흨,흩,흪,흫,흒,흓,흕,흖,흙,흚,흛,흜,흝,흞,흟,흢,흤
ㅣ,기,긱,긴,긷,길,김,깁,깃,깅,깆,깇,깈,깉,깊,깋,긲,긳,긵,긶,긹,긺,긻,긼,긽,긾,긿,깂,깄,끼,끽,낀,낃,낄,낌,낍,낏,낑,낒,낓,낔,낕,낖,낗,끾,끿,낁,낂,낅,낆,낇,낈,낉,낊,낋,낎,낐,니,닉,닌,닏,닐,님,닙,닛,닝,닞,닟,닠,닡,닢,닣,닊,닋,닍,닎,닑,닒,닓,닔,닕,닖,닗,닚,닜,디,딕,딘,딛,딜,딤,딥,딧,딩,딪,딫,딬,딭,딮,딯,딖,딗,딙,딚,딝,딞,딟,딠,딡,딢,딣,딦,딨,띠,띡,띤,띧,띨,띰,띱,띳,띵,띶,띷,띸,띹,띺,띻,띢,띣,띥,띦,띩,띪,띫,띬,띭,띮,띯,띲,띴,리,릭,린,릳,릴,림,립,릿,링,맂,맃,맄,맅,맆,맇,릮,릯,릱,릲,릵,릶,릷,릸,릹,릺,릻,릾,맀,미,믹,민,믿,밀,밈,밉,밋,밍,밎,및,밐,밑,밒,밓,믺,믻,믽,믾,밁,밂,밃,밄,밅,밆,밇,밊,밌,비,빅,빈,빋,빌,빔,빕,빗,빙,빚,빛,빜,빝,빞,빟,빆,빇,빉,빊,빍,빎,빏,빐,빑,빒,빓,빖,빘,삐,삑,삔,삗,삘,삠,삡,삣,삥,삦,삧,삨,삩,삪,삫,삒,삓,삕,삖,삙,삚,삛,삜,삝,삞,삟,삢,삤,시,식,신,싣,실,심,십,싯,싱,싲,싳,싴,싵,싶,싷,싞,싟,싡,싢,싥,싦,싧,싨,싩,싪,싫,싮,싰,씨,씩,씬,씯,씰,씸,씹,씻,씽,씾,씿,앀,앁,앂,앃,씪,씫,씭,씮,씱,씲,씳,씴,씵,씶,씷,씺,씼,이,익,인,읻,일,임,입,잇,잉,잊,잋,잌,잍,잎,잏,읶,읷,읹,읺,읽,읾,읿,잀,잁,잂,잃,잆,있,지,직,진,짇,질,짐,집,짓,징,짖,짗,짘,짙,짚,짛,짂,짃,짅,짆,짉,짊,짋,짌,짍,짎,짏,짒,짔,찌,찍,찐,찓,찔,찜,찝,찟,찡,찢,찣,찤,찥,찦,찧,찎,찏,찑,찒,찕,찖,찗,찘,찙,찚,찛,찞,찠,치,칙,친,칟,칠,침,칩,칫,칭,칮,칯,칰,칱,칲,칳,칚,칛,칝,칞,칡,칢,칣,칤,칥,칦,칧,칪,칬,키,킥,킨,킫,킬,킴,킵,킷,킹,킺,킻,킼,킽,킾,킿,킦,킧,킩,킪,킭,킮,킯,킰,킱,킲,킳,킶,킸,티,틱,틴,틷,틸,팀,팁,팃,팅,팆,팇,팈,팉,팊,팋,틲,틳,틵,틶,틹,틺,틻,틼,틽,틾,틿,팂,팄,피,픽,핀,핃,필,핌,핍,핏,핑,핒,핓,핔,핕,핖,핗,픾,픿,핁,핂,핅,핆,핇,핈,핉,핊,핋,핎,핐,히,힉,힌,힏,힐,힘,힙,힛,힝,힞,힟,힠,힡,힢,힣,힊,힋,힍,힎,힑,힒,힓,힔,힕,힖,힗,힚,힜
ㅘ,과,곽,관,괃,괄,괌,괍,괏,광,괒,괓,괔,괕,괖,괗,곾,곿,괁,괂,괅,괆,괇,괈,괉,괊,괋,괎,괐,꽈,꽉,꽌,꽌,꽐,꽘,꽙,꽛,꽝,꽞,꽟,꽠,꽡,꽢,꽣,꽊,꽋,꽍,꽎,꽑,꽒,꽓,꽔,꽕,꽖,꽗,꽚,꽜,놔,놕,놘,놛,놜,놤,놥,놧,놩,놪,놫,놬,놭,놮,놯,놖,놗,놙,놚,놝,놞,놟,놠,놡,놢,놣,놦,놨,돠,돡,돤,돧,돨,돰,돱,돳,돵,돶,돷,돸,돹,돺,돻,돢,돣,돥,돦,돩,돪,돫,돬,돭,돮,돯,돲,돴,똬,똭,똰,똳,똴,똼,똽,똿,뙁,뙂,뙃,뙄,뙅,뙆,뙇,똮,똯,똱,똲,똵,똶,똷,똸,똹,똺,똻,똾,뙀,롸,롹,롼,롿,뢀,뢈,뢉,뢋,뢍,뢎,뢏,뢐,뢑,뢒,뢓,롺,롻,롽,롾,뢁,뢂,뢃,뢄,뢅,뢆,뢇,뢊,뢌,뫄,뫅,뫈,뫋,뫌,뫔,뫕,뫗,뫙,뫚,뫛,뫜,뫝,뫞,뫟,뫆,뫇,뫉,뫊,뫍,뫎,뫏,뫐,뫑,뫒,뫓,뫖,뫘,봐,봑,봔,봗,봘,봠,봡,봣,봥,봦,봧,봨,봩,봪,봫,봒,봓,봕,봖,봙,봚,봛,봜,봝,봞,봟,봢,봤,뽜,뽝,뽠,뽣,뽤,뽬,뽭,뽯,뽱,뽲,뽳,뽴,뽵,뽶,뽷,뽞,뽟,뽡,뽢,뽥,뽦,뽧,뽨,뽩,뽪,뽫,뽮,뽰,솨,솩,솬,솯,솰,솸,솹,솻,솽,솾,솿,쇀,쇁,쇂,쇃,솪,솫,솭,솮,솱,솲,솳,솴,솵,솶,솷,솺,솼,쏴,쏵,쏸,쏻,쏼,쐄,쐅,쐇,쐉,쐊,쐋,쐌,쐍,쐎,쐏,쏶,쏷,쏹,쏺,쏽,쏾,쏿,쐀,쐁,쐂,쐃,쐆,쐈,와,왁,완,왇,왈,왐,왑,왓,왕,왖,왗,왘,왙,왚,왛,왂,왃,왅,왆,왉,왊,왋,왌,왍,왎,왏,왒,왔,좌,좍,좐,좓,좔,좜,좝,좟,좡,좢,좣,좤,좥,좦,좧,좎,좏,좑,좒,좕,좖,좗,좘,좙,좚,좛,좞,좠,쫘,쫙,쫜,쫟,쫠,쫨,쫩,쫫,쫭,쫮,쫯,쫰,쫱,쫲,쫳,쫚,쫛,쫝,쫞,쫡,쫢,쫣,쫤,쫥,쫦,쫧,쫪,쫬,촤,촥,촨,촫,촬,촴,촵,촷,촹,촺,촻,촼,촽,촾,촿,촦,촧,촩,촪,촭,촮,촯,촰,촱,촲,촳,촶,촸,콰,콱,콴,콷,콸,쾀,쾁,쾃,쾅,쾆,쾇,쾈,쾉,쾊,쾋,콲,콳,콵,콶,콹,콺,콻,콼,콽,콾,콿,쾂,쾄,톼,톽,퇀,퇃,퇄,퇌,퇍,퇏,퇑,퇒,퇓,퇔,퇕,퇖,퇗,톾,톿,퇁,퇂,퇅,퇆,퇇,퇈,퇉,퇊,퇋,퇎,퇐,퐈,퐉,퐌,퐏,퐐,퐘,퐙,퐛,퐝,퐞,퐟,퐠,퐡,퐢,퐣,퐊,퐋,퐍,퐎,퐑,퐒,퐓,퐔,퐕,퐖,퐗,퐚,퐜,화,확,환,홛,활,홤,홥,홧,황,홪,홫,홬,홭,홮,홯,홖,홗,홙,홚,홝,홞,홟,홠,홡,홢,홣,홦,홨
ㅚ,괴,괵,괸,괻,괼,굄,굅,굇,굉,굊,굋,굌,굍,굎,굏,괶,괷,괹,괺,괽,괾,괿,굀,굁,굂,굃,굆,굈,꾀,꾁,꾄,꾇,꾈,꾐,꾑,꾓,꾕,꾖,꾗,꾘,꾙,꾚,꾛,꾂,꾃,꾅,꾆,꾉,꾊,꾋,꾌,꾍,꾎,꾏,꾒,꾔,뇌,뇍,뇐,뇓,뇔,뇜,뇝,뇟,뇡,뇢,뇣,뇤,뇥,뇦,뇧,뇎,뇏,뇑,뇒,뇕,뇖,뇗,뇘,뇙,뇚,뇛,뇞,뇠,되,됙,된,됟,될,됨,됩,됫,됭,됮,됯,됰,됱,됲,됳,됚,됛,됝,됞,됡,됢,됣,됤,됥,됦,됧,됪,됬,뙤,뙥,뙨,뙫,뙬,뙴,뙵,뙷,뙹,뙺,뙻,뙼,뙽,뙾,뙿,뙦,뙧,뙩,뙪,뙭,뙮,뙯,뙰,뙱,뙲,뙳,뙶,뙸,뢰,뢱,뢴,뢷,뢸,룀,룁,룃,룅,룆,룇,룈,룉,룊,룋,뢲,뢳,뢵,뢶,뢹,뢺,뢻,뢼,뢽,뢾,뢿,룂,룄,뫼,뫽,묀,묃,묄,묌,묍,묏,묑,묒,묓,묔,묕,묖,묗,뫾,뫿,묁,묂,묅,묆,묇,묈,묉,묊,묋,묎,묐,뵈,뵉,뵌,뵏,뵐,뵘,뵙,뵛,뵝,뵞,뵟,뵠,뵡,뵢,뵣,뵊,뵋,뵍,뵎,뵑,뵒,뵓,뵔,뵕,뵖,뵗,뵚,뵜,뾔,뾕,뾘,뾛,뾜,뾤,뾥,뾧,뾩,뾪,뾫,뾬,뾭,뾮,뾯,뾖,뾗,뾙,뾚,뾝,뾞,뾟,뾠,뾡,뾢,뾣,뾦,뾨,쇠,쇡,쇤,쇧,쇨,쇰,쇱,쇳,쇵,쇶,쇷,쇸,쇹,쇺,쇻,쇢,쇣,쇥,쇦,쇩,쇪,쇫,쇬,쇭,쇮,쇯,쇲,쇴,쐬,쐭,쐰,쐳,쐴,쐼,쐽,쐿,쑁,쑂,쑃,쑄,쑅,쑆,쑇,쐮,쐯,쐱,쐲,쐵,쐶,쐷,쐸,쐹,쐺,쐻,쐾,쑀,외,왹,왼,왿,욀,욈,욉,욋,욍,욎,욏,욐,욑,욒,욓,왺,왻,왽,왾,욁,욂,욃,욄,욅,욆,욇,욊,욌,죄,죅,죈,죋,죌,죔,죕,죗,죙,죚,죛,죜,죝,죞,죟,죆,죇,죉,죊,죍,죎,죏,죐,죑,죒,죓,죖,죘,쬐,쬑,쬔,쬗,쬘,쬠,쬡,쬣,쬥,쬦,쬧,쬨,쬩,쬪,쬫,쬒,쬓,쬕,쬖,쬙,쬚,쬛,쬜,쬝,쬞,쬟,쬢,쬤,최,쵝,쵠,쵣,쵤,쵬,쵭,쵯,쵱,쵲,쵳,쵴,쵵,쵶,쵷,쵞,쵟,쵡,쵢,쵥,쵦,쵧,쵨,쵩,쵪,쵫,쵮,쵰,쾨,쾩,쾬,쾯,쾰,쾸,쾹,쾻,쾽,쾾,쾿,쿀,쿁,쿂,쿃,쾪,쾫,쾭,쾮,쾱,쾲,쾳,쾴,쾵,쾶,쾷,쾺,쾼,퇴,퇵,퇸,퇻,퇼,툄,툅,툇,툉,툊,툋,툌,툍,툎,툏,퇶,퇷,퇹,퇺,퇽,퇾,퇿,툀,툁,툂,툃,툆,툈,푀,푁,푄,푇,푈,푐,푑,푓,푕,푖,푗,푘,푙,푚,푛,푂,푃,푅,푆,푉,푊,푋,푌,푍,푎,푏,푒,푔,회,획,횐,횓,횔,횜,횝,횟,횡,횢,횣,횤,횥,횦,횧,횎,횏,횑,횒,횕,횖,횗,횘,횙,횚,횛,횞,횠
ㅙ,괘,괙,괜,괟,괠,괨,괩,괫,괭,괮,괯,괰,괱,괲,괳,괚,괛,괝,괞,괡,괢,괣,괤,괥,괦,괧,괪,괬,꽤,꽥,꽨,꽫,꽬,꽴,꽵,꽷,꽹,꽺,꽻,꽼,꽽,꽾,꽿,꽦,꽧,꽩,꽪,꽭,꽮,꽯,꽰,꽱,꽲,꽳,꽶,꽸,놰,놱,놴,놷,놸,뇀,뇁,뇃,뇅,뇆,뇇,뇈,뇉,뇊,뇋,놲,놳,놵,놶,놹,놺,놻,놼,놽,놾,놿,뇂,뇄,돼,돽,됀,됃,됄,됌,됍,됏,됑,됒,됓,됔,됕,됖,됗,돾,돿,됁,됂,됅,됆,됇,됈,됉,됊,됋,됎,됐,뙈,뙉,뙌,뙏,뙐,뙘,뙙,뙛,뙝,뙞,뙟,뙠,뙡,뙢,뙣,뙊,뙋,뙍,뙎,뙑,뙒,뙓,뙔,뙕,뙖,뙗,뙚,뙜,뢔,뢕,뢘,뢛,뢜,뢤,뢥,뢧,뢩,뢪,뢫,뢬,뢭,뢮,뢯,뢖,뢗,뢙,뢚,뢝,뢞,뢟,뢠,뢡,뢢,뢣,뢦,뢨,뫠,뫡,뫤,뫧,뫨,뫰,뫱,뫳,뫵,뫶,뫷,뫸,뫹,뫺,뫻,뫢,뫣,뫥,뫦,뫩,뫪,뫫,뫬,뫭,뫮,뫯,뫲,뫴,봬,봭,봰,봳,봴,봼,봽,봿,뵁,뵂,뵃,뵄,뵅,뵆,뵇,봮,봯,봱,봲,봵,봶,봷,봸,봹,봺,봻,봾,뵀,뽸,뽹,뽼,뽿,뾀,뾈,뾉,뾋,뾍,뾎,뾏,뾐,뾑,뾒,뾓,뽺,뽻,뽽,뽾,뾁,뾂,뾃,뾄,뾅,뾆,뾇,뾊,뾌,쇄,쇅,쇈,쇋,쇌,쇔,쇕,쇗,쇙,쇚,쇛,쇜,쇝,쇞,쇟,쇆,쇇,쇉,쇊,쇍,쇎,쇏,쇐,쇑,쇒,쇓,쇖,쇘,쐐,쐑,쐔,쐗,쐘,쐠,쐡,쐣,쐥,쐦,쐧,쐨,쐩,쐪,쐫,쐒,쐓,쐕,쐖,쐙,쐚,쐛,쐜,쐝,쐞,쐟,쐢,쐤,왜,왝,왠,왣,왤,왬,왭,왯,왱,왲,왳,왴,왵,왶,왷,왞,왟,왡,왢,왥,왦,왧,왨,왩,왪,왫,왮,왰,좨,좩,좬,좯,좰,좸,좹,좻,좽,좾,좿,죀,죁,죂,죃,좪,좫,좭,좮,좱,좲,좳,좴,좵,좶,좷,좺,좼,쫴,쫵,쫸,쫻,쫼,쬄,쬅,쬇,쬉,쬊,쬋,쬌,쬍,쬎,쬏,쫶,쫷,쫹,쫺,쫽,쫾,쫿,쬀,쬁,쬂,쬃,쬆,쬈,쵀,쵁,쵄,쵇,쵈,쵐,쵑,쵓,쵕,쵖,쵗,쵘,쵙,쵚,쵛,쵂,쵃,쵅,쵆,쵉,쵊,쵋,쵌,쵍,쵎,쵏,쵒,쵔,쾌,쾍,쾐,쾓,쾔,쾜,쾝,쾟,쾡,쾢,쾣,쾤,쾥,쾦,쾧,쾎,쾏,쾑,쾒,쾕,쾖,쾗,쾘,쾙,쾚,쾛,쾞,쾠,퇘,퇙,퇜,퇟,퇠,퇨,퇩,퇫,퇭,퇮,퇯,퇰,퇱,퇲,퇳,퇚,퇛,퇝,퇞,퇡,퇢,퇣,퇤,퇥,퇦,퇧,퇪,퇬,퐤,퐥,퐨,퐫,퐬,퐴,퐵,퐷,퐹,퐺,퐻,퐼,퐽,퐾,퐿,퐦,퐧,퐩,퐪,퐭,퐮,퐯,퐰,퐱,퐲,퐳,퐶,퐸,홰,홱,홴,홷,홸,횀,횁,횃,횅,횆,횇,횈,횉,횊,횋,홲,홳,홵,홶,홹,홺,홻,홼,홽,홾,홿,횂,횄
ㅝ,궈,궉,권,궏,궐,궘,궙,궛,궝,궞,궟,궠,궡,궢,궣,궊,궋,궍,궎,궑,궒,궓,궔,궕,궖,궗,궚,궜,꿔,꿕,꿘,꿛,꿜,꿤,꿥,꿧,꿩,꿪,꿫,꿬,꿭,꿮,꿯,꿖,꿗,꿙,꿚,꿝,꿞,꿟,꿠,꿡,꿢,꿣,꿦,꿨,눠,눡,눤,눧,눨,눰,눱,눳,눵,눶,눷,눸,눹,눺,눻,눢,눣,눥,눦,눩,눪,눫,눬,눭,눮,눯,눲,눴,둬,둭,둰,둳,둴,둼,둽,둿,뒁,뒂,뒃,뒄,뒅,뒆,뒇,둮,둯,둱,둲,둵,둶,둷,둸,둹,둺,둻,둾,뒀,뚸,뚹,뚼,뚿,뛀,뛈,뛉,뛋,뛍,뛎,뛏,뛐,뛑,뛒,뛓,뚺,뚻,뚽,뚾,뛁,뛂,뛃,뛄,뛅,뛆,뛇,뛊,뛋,뤄,뤅,뤈,뤋,뤌,뤔,뤕,뤗,뤙,뤚,뤛,뤜,뤝,뤞,뤟,뤆,뤇,뤉,뤊,뤍,뤎,뤏,뤐,뤑,뤒,뤓,뤖,뤘,뭐,뭑,뭔,뭗,뭘,뭠,뭡,뭣,뭥,뭦,뭧,뭨,뭩,뭪,뭫,뭒,뭓,뭕,뭖,뭙,뭚,뭛,뭜,뭝,뭞,뭟,뭢,뭤,붜,붝,붠,붣,붤,붬,붭,붯,붱,붲,붳,붴,붵,붶,붷,붞,붟,붡,붢,붥,붦,붧,붨,붩,붪,붫,붮,붰,뿨,뿩,뿬,뿯,뿰,뿸,뿹,뿻,뿽,뿾,뿿,쀀,쀁,쀂,쀃,뿪,뿫,뿭,뿮,뿱,뿲,뿳,뿴,뿵,뿶,뿷,뿺,뿻,숴,숵,숸,숻,숼,쉄,쉅,쉇,쉉,쉊,쉋,쉌,쉍,쉎,쉏,숶,숷,숹,숺,숽,숾,숿,쉀,쉁,쉂,쉃,쉆,쉈,쒀,쒁,쒄,쒇,쒈,쒐,쒑,쒓,쒕,쒖,쒗,쒘,쒙,쒚,쒛,쒂,쒃,쒅,쒆,쒉,쒊,쒋,쒌,쒍,쒎,쒏,쒒,쒔,워,웍,원,웓,월,웜,웝,웟,웡,웢,웣,웤,웥,웦,웧,웎,웏,웑,웒,웕,웖,웗,웘,웙,웚,웛,웞,웠,줘,줙,줜,줟,줠,줨,줩,줫,줭,줮,줯,줰,줱,줲,줳,줚,줛,줝,줞,줡,줢,줢,줤,줥,줦,줧,줪,줬,쭤,쭥,쭨,쭫,쭬,쭴,쭵,쭷,쭹,쭺,쭻,쭼,쭽,쭾,쭿,쭦,쭧,쭩,쭪,쭭,쭮,쭮,쭰,쭱,쭲,쭳,쭶,쭸,춰,춱,춴,춷,춸,췀,췁,췃,췅,췆,췇,췈,췉,췊,췋,춲,춳,춵,춶,춹,춺,춻,춼,춽,춾,춿,췂,췄,쿼,쿽,퀀,퀃,퀄,퀌,퀍,퀏,퀑,퀒,퀓,퀔,퀕,퀖,퀗,쿾,쿿,퀁,퀂,퀅,퀆,퀇,퀈,퀉,퀊,퀋,퀎,퀐,퉈,퉉,퉌,퉏,퉐,퉘,퉙,퉛,퉝,퉞,퉟,퉠,퉡,퉢,퉣,퉊,퉋,퉍,퉎,퉑,퉒,퉓,퉔,퉕,퉖,퉗,퉚,퉜,풔,풕,풘,풛,풜,풤,풥,풧,풩,풪,풫,풬,풭,풮,풯,풖,풗,풙,풚,풝,풞,풟,풠,풡,풢,풣,풦,풨,훠,훡,훤,훧,훨,훰,훱,훳,훵,훶,훷,훸,훹,훺,훻,훢,훣,훥,훦,훩,훪,훪,훬,훭,훮,훯,훲,훴
ㅟ,귀,귁,귄,귇,귈,귐,귑,귓,귕,귖,귗,귘,귙,귚,귛,귂,귃,귅,귆,귉,귊,귋,귌,귍,귎,귏,귒,귔,뀌,뀍,뀐,뀓,뀔,뀜,뀝,뀟,뀡,뀢,뀣,뀤,뀥,뀦,뀧,뀎,뀏,뀑,뀒,뀕,뀖,뀗,뀘,뀙,뀚,뀛,뀞,뀠,뉘,뉙,뉜,뉟,뉠,뉨,뉩,뉫,뉭,뉮,뉯,뉰,뉱,뉲,뉳,뉚,뉛,뉝,뉞,뉡,뉢,뉣,뉤,뉥,뉦,뉧,뉪,뉬,뒤,뒥,뒨,뒫,뒬,뒴,뒵,뒷,뒹,뒺,뒻,뒼,뒽,뒾,뒿,뒦,뒧,뒩,뒪,뒭,뒮,뒯,뒰,뒱,뒲,뒳,뒶,뒸,뛰,뛱,뛴,뛷,뛸,뜀,뜁,뜃,뜅,뜆,뜇,뜈,뜉,뜊,뜋,뛲,뛳,뛵,뛶,뛹,뛺,뛻,뛼,뛽,뛾,뛿,뜂,뜄,뤼,뤽,륀,륃,륄,륌,륍,륏,륑,륒,륓,륔,륕,륖,륗,뤾,뤿,륁,륂,륅,륆,륇,륈,륉,륊,륋,륎,륐,뮈,뮉,뮌,뮏,뮐,뮘,뮙,뮛,뮝,뮞,뮟,뮠,뮡,뮢,뮣,뮊,뮋,뮍,뮎,뮑,뮒,뮓,뮔,뮕,뮖,뮗,뮚,뮜,뷔,뷕,뷘,뷛,뷜,뷤,뷥,뷧,뷩,뷪,뷫,뷬,뷭,뷮,뷯,뷖,뷗,뷙,뷚,뷝,뷞,뷟,뷠,뷡,뷢,뷣,뷦,뷨,쀠,쀡,쀤,쀧,쀨,쀰,쀱,쀳,쀵,쀶,쀷,쀸,쀹,쀺,쀻,쀢,쀣,쀥,쀦,쀩,쀪,쀫,쀬,쀭,쀮,쀯,쀲,쀴,쉬,쉭,쉰,쉳,쉴,쉼,쉽,쉿,슁,슂,슃,슄,슅,슆,슇,쉮,쉯,쉱,쉲,쉵,쉶,쉷,쉸,쉹,쉺,쉻,쉾,슀,쒸,쒹,쒼,쒿,쓀,쓈,쓉,쓋,쓍,쓎,쓏,쓐,쓑,쓒,쓓,쒺,쒻,쒽,쒾,쓁,쓂,쓃,쓄,쓅,쓆,쓇,쓊,쓌,위,윅,윈,윋,윌,윔,윕,윗,윙,윚,윛,윜,윝,윞,윟,윆,윇,윉,윊,윍,윎,윏,윐,윑,윒,윓,윖,윘,쥐,쥑,쥔,쥗,쥘,쥠,쥡,쥣,쥥,쥦,쥧,쥨,쥩,쥪,쥫,쥒,쥓,쥕,쥖,쥙,쥚,쥛,쥜,쥝,쥞,쥟,쥢,쥤,쮜,쮝,쮠,쮣,쮤,쮬,쮭,쮯,쮱,쮲,쮳,쮴,쮵,쮶,쮷,쮞,쮟,쮡,쮢,쮥,쮦,쮧,쮨,쮩,쮪,쮫,쮮,쮰,취,췩,췬,췯,췰,췸,췹,췻,췽,췾,췿,츀,츁,츂,츃,췪,췫,췭,췮,췱,췲,췳,췴,췵,췶,췷,췺,췼,퀴,퀵,퀸,퀻,퀼,큄,큅,큇,큉,큊,큋,큌,큍,큎,큏,퀶,퀷,퀹,퀺,퀽,퀾,퀿,큀,큁,큂,큃,큆,큈,튀,튁,튄,튇,튈,튐,튑,튓,튕,튖,튗,튘,튙,튚,튛,튂,튃,튅,튆,튉,튊,튋,튌,튍,튎,튏,튒,튔,퓌,퓍,퓐,퓓,퓔,퓜,퓝,퓟,퓡,퓢,퓣,퓤,퓥,퓦,퓧,퓎,퓏,퓑,퓒,퓕,퓖,퓗,퓘,퓙,퓚,퓛,퓞,퓠,휘,휙,휜,휟,휠,휨,휩,휫,휭,휮,휯,휰,휱,휲,휳,휚,휛,휝,휞,휡,휢,휣,휤,휥,휦,휧,휪,휬
ㅞ,궤,궥,궨,궫,궬,궴,궵,궷,궹,궺,궻,궼,궽,궾,궿,궦,궧,궩,궪,궭,궮,궯,궰,궱,궲,궳,궶,궸,꿰,꿱,꿴,꿷,꿸,뀀,뀁,뀃,뀅,뀆,뀇,뀈,뀉,뀊,뀋,꿲,꿳,꿵,꿶,꿹,꿺,꿻,꿼,꿽,꿾,꿿,뀂,뀄,눼,눽,뉀,뉃,뉄,뉌,뉍,뉏,뉑,뉒,뉓,뉔,뉕,뉖,뉗,눾,눿,뉁,뉂,뉅,뉆,뉇,뉈,뉉,뉊,뉋,뉎,뉐,뒈,뒉,뒌,뒏,뒐,뒘,뒙,뒛,뒝,뒞,뒟,뒠,뒡,뒢,뒣,뒊,뒋,뒍,뒎,뒑,뒒,뒓,뒔,뒕,뒖,뒗,뒚,뒜,뛔,뛕,뛘,뛛,뛜,뛤,뛥,뛧,뛩,뛪,뛫,뛬,뛭,뛮,뛯,뛖,뛗,뛙,뛚,뛝,뛞,뛟,뛠,뛡,뛢,뛣,뛦,뛨,뤠,뤡,뤤,뤧,뤨,뤰,뤱,뤳,뤵,뤶,뤷,뤸,뤹,뤺,뤻,뤢,뤣,뤥,뤦,뤩,뤪,뤫,뤬,뤭,뤮,뤯,뤲,뤴,뭬,뭭,뭰,뭳,뭴,뭼,뭽,뭿,뮁,뮂,뮃,뮄,뮅,뮆,뮇,뭮,뭯,뭱,뭲,뭵,뭶,뭷,뭸,뭹,뭺,뭻,뭾,뮀,붸,붹,붼,붿,뷀,뷈,뷉,뷋,뷍,뷎,뷏,뷐,뷑,뷒,뷓,붺,붻,붽,붾,뷁,뷂,뷃,뷄,뷅,뷆,뷇,뷊,뷌,쀄,쀅,쀈,쀋,쀌,쀔,쀕,쀗,쀙,쀚,쀛,쀜,쀝,쀞,쀟,쀆,쀇,쀉,쀊,쀍,쀎,쀏,쀐,쀑,쀒,쀓,쀖,쀘,쉐,쉑,쉔,쉗,쉘,쉠,쉡,쉣,쉥,쉦,쉧,쉨,쉩,쉪,쉫,쉒,쉓,쉕,쉖,쉙,쉚,쉛,쉜,쉝,쉞,쉟,쉢,쉤,쒜,쒝,쒠,쒣,쒤,쒬,쒭,쒯,쒱,쒲,쒳,쒴,쒵,쒶,쒷,쒞,쒟,쒡,쒢,쒥,쒦,쒧,쒨,쒩,쒪,쒫,쒮,쒰,웨,웩,웬,웯,웰,웸,웹,웻,웽,웾,웿,윀,윁,윂,윃,웪,웫,웭,웮,웱,웲,웳,웴,웵,웶,웷,웺,웼,줴,줵,줸,줻,줼,쥄,쥅,쥇,쥉,쥊,쥋,쥌,쥍,쥎,쥏,줶,줷,줹,줺,줽,줾,줿,쥀,쥁,쥂,쥃,쥆,쥈,쮀,쮁,쮄,쮇,쮈,쮐,쮑,쮓,쮕,쮖,쮗,쮘,쮙,쮚,쮛,쮂,쮃,쮅,쮆,쮉,쮊,쮋,쮌,쮍,쮎,쮏,쮒,쮔,췌,췍,췐,췓,췔,췜,췝,췟,췡,췢,췣,췤,췥,췦,췧,췎,췏,췑,췒,췕,췖,췗,췘,췙,췚,췛,췞,췠,퀘,퀙,퀜,퀟,퀠,퀨,퀩,퀫,퀭,퀮,퀯,퀰,퀱,퀲,퀳,퀚,퀛,퀝,퀞,퀡,퀢,퀣,퀤,퀥,퀦,퀧,퀪,퀬,퉤,퉥,퉨,퉫,퉬,퉴,퉵,퉷,퉹,퉺,퉻,퉼,퉽,퉾,퉿,퉦,퉧,퉩,퉪,퉭,퉮,퉯,퉰,퉱,퉲,퉳,퉶,퉸,풰,풱,풴,풷,풸,퓀,퓁,퓃,퓅,퓆,퓇,퓈,퓉,퓊,퓋,풲,풳,풵,풶,풹,풺,풻,풼,풽,풾,풿,퓂,퓄,훼,훽,휀,휃,휄,휌,휍,휏,휑,휒,휓,휔,휕,휖,휗,훾,훿,휁,휂,휅,휆,휇,휈,휉,휊,휋,휎,휐
ㅢ,긔,긕,긘,긛,긜,긤,긥,긧,긩,긪,긫,긬,긭,긮,긯,긖,긗,긙,긚,긝,긞,긟,긠,긡,긢,긣,긦,긨,끠,끡,끤,끧,끨,끰,끱,끳,끵,끶,끷,끸,끹,끺,끻,끢,끣,끥,끦,끩,끪,끫,끬,끭,끮,끯,끲,끴,늬,늭,늰,늳,늴,늼,늽,늿,닁,닂,닃,닄,닅,닆,닇,늮,늯,늱,늲,늵,늶,늷,늸,늹,늺,늻,늾,닀,듸,듹,듼,듿,딀,딈,딉,딋,딍,딎,딏,딐,딑,딒,딓,듺,듻,듽,듾,딁,딂,딃,딄,딅,딆,딇,딊,딌,띄,띅,띈,띋,띌,띔,띕,띗,띙,띚,띛,띜,띝,띞,띟,띆,띇,띉,띊,띍,띎,띏,띐,띑,띒,띓,띖,띘,릐,릑,릔,릗,릘,릠,릡,릣,릥,릦,릧,릨,릩,릪,릫,릒,릓,릕,릖,릙,릚,릛,릜,릝,릞,릟,릢,릤,믜,믝,믠,믣,믤,믬,믭,믯,믱,믲,믳,믴,믵,믶,믷,믞,믟,믡,믢,믥,믦,믧,믨,믩,믪,믫,믮,믰,븨,븩,븬,븯,븰,븸,븹,븻,븽,븾,븿,빀,빁,빂,빃,븪,븫,븭,븮,븱,븲,븳,븴,븵,븶,븷,븺,븼,쁴,쁵,쁸,쁻,쁼,삄,삅,삇,삉,삊,삋,삌,삍,삎,삏,쁶,쁷,쁹,쁺,쁽,쁾,쁿,삀,삁,삂,삃,삆,삇,싀,싁,싄,싇,싈,싐,싑,싓,싕,싖,싗,싘,싙,싚,싛,싂,싃,싅,싆,싉,싊,싋,싌,싍,싎,싏,싒,싔,씌,씍,씐,씓,씔,씜,씝,씟,씡,씢,씣,씤,씥,씦,씧,씎,씏,씑,씒,씕,씖,씗,씘,씙,씚,씛,씞,씠,의,읙,읜,읟,읠,읨,읩,읫,읭,읮,읯,읰,읱,읲,읳,읚,읛,읝,읞,읡,읢,읣,읤,읥,읦,읧,읪,읬,즤,즥,즨,즫,즬,즴,즵,즷,즹,즺,즻,즼,즽,즾,즿,즦,즧,즩,즪,즭,즮,즯,즰,즱,즲,즳,즶,즸,쯰,쯱,쯴,쯷,쯸,찀,찁,찃,찅,찆,찇,찈,찉,찊,찋,쯲,쯳,쯵,쯶,쯹,쯺,쯻,쯼,쯽,쯾,쯿,찂,찄,츼,츽,칀,칃,칄,칌,칍,칏,칑,칒,칓,칔,칕,칖,칗,츾,츿,칁,칂,칅,칆,칇,칈,칉,칊,칋,칎,칐,킈,킉,킌,킏,킐,킘,킙,킛,킝,킞,킟,킠,킡,킢,킣,킊,킋,킍,킎,킑,킒,킓,킔,킕,킖,킗,킚,킜,틔,틕,틘,틛,틜,틤,틥,틧,틩,틪,틫,틬,틭,틮,틯,틖,틗,틙,틚,틝,틞,틟,틠,틡,틢,틣,틦,틨,픠,픡,픤,픧,픨,픰,픱,픳,픵,픶,픷,픸,픹,픺,픻,픢,픣,픥,픦,픩,픪,픫,픬,픭,픮,픯,픲,픴,희,흭,흰,흳,흴,흼,흽,흿,힁,힂,힃,힄,힅,힆,힇,흮,흯,흱,흲,흵,흶,흷,흸,흹,흺,흻,흾,힀